ind_pos1,MAAAAGRLLWSSVARHASAISRSISASTVLRPVASRRTCLTDILWSASAQGKSAFSTSSSFHTPAVTQHAPYFKGTAVVNGEFKELSLDDFKGKYLVLFFYPLDFTFVCPTEIVAFSDKANEFHDVNCEVVAVSVDSHFSHLAWINTPRKNGGLGHMNITLLSDITKQISRDYGVLLESAGIALRGLFIIDPNGVVKHLSVNDLPVGRSVEETLRLVKAFQFVETHGEVCPANWTPESPTIKPSPTASKEYFEKVHQ
ind_pos2,MAAAVGRLLRASVARHVSAIPWGISATAALRPAACGRTSLTNLLCSGSSQAKLFSTSSSCHAPAVTQHAPYFKGTAVVNGEFKDLSLDDFKGKYLVLFFYPLDFTFVCPTEIVAFSDKANEFHDVNCEVVAVSVDSHFSHLAWINTPRKNGGLGHMNIALLSDLTKQISRDYGVLLEGSGLALRGLFIIDPNGVIKHLSVNDLPVGRSVEETLRLVKAFQYVETHGEVCPANWTPDSPTIKPSPAASKEYFQKVNQ
ind_pos3,MAAKTGSQLERSISTIINVFHQYSRKYGHPDTLNKAEFKEMVNKDLPNFLKREKRNENLLRDIMEDLDTNQDNQLSFEECMMLMGKLIFACHEKLHENNPRGHDHSHGKGCGK
ind_pos4,MAALDAIREALPEPARDIKLNLQAVLQPGPLTPAQRWGVAVATAAAARNERLLAAILADARAEVEPAVVEDALAAAAVMAMNNVYYRFRHMVGKPSYSEKPARLRMNRLVKPAASKLDFELFALAVSAVNGCETCVRSHEQVVVGGGVSEDQVHDAVRIAAVVHAAAVALELAGHAAAPSAAAAAG
ind_pos5,MAALKAGRGANWSLRAWRALGGIFWRKPPLLAPDLRALLTSGTPDSQIWMTYGTPSLPAQVPEGFLASRADLTSRTPDLWARLNVGTSGSSDQEARRSPGSRRREWLAVAVGAGGAVVLLLWGWGRGLSTVLAAVPAPPPTSPRSQYNFIADVVEKTAPAVVYIEILDRHPFSGREVPISNGSGFVVASDGLIVTNAHVVADRRRVRVRLPSGDTYEAMVTAVDPVADIATLRIQTKEPLPTLPLGRSADVRQGEFVVAMGSPFALQNTITSGIVSSAQRPARDLGLPQNNVEYIQTDAAIDFGNSGGPLVNLDGEVIGVNTMKVTAGISFAIPSDRLREFLHRGEKKNSWFGTSGSQRRYIGVMMLTLTPSILIELQLREPSFPDVQHGVLIHKVILGSPAHRAGLRPGDVILAIGEKLAQNAEDVYEAVRTQSQLAVRIRRGSETLTLYVTPEVTE
ind_pos6,MAAPAPVTRQVSGAAALVPAPSGPDSGQPLAAAVAELPVLDARGQRVPFGALFRERRAVVVFVRHFLCYICKEYVEDLAKIPRSFLQEANVTLIVIGQSSYHHIEPFCKLTGYSHEIYVDPEREIYKRLGMKRGEEIASSGQSPHIKSNLLSGSLQSLWRAVTGPLFDFQGDPAQQGGTLILGPGNNIHFIHRDRNRLDHKPINSVLQLVGVQHVNFTNRPSVIHV
ind_pos7,MAASQVLGEKINILSGETVKAGDRDPLGNDCPEQDRLPQRSWRQKCASYVLALRPWSFSASLTPVALGSALAYRSHGVLDPRLLVGCAVAVLAVHGAGNLVNTYYDFSKGIDHKKSDDRTLVDRILEPQDVVRFGVFLYTLGCVCAACLYYLSPLKLEHLALIYFGGLSGSFLYTGGIGFKYVALGDLIILITFGPLAVMFAYAIQVGSLAIFPLVYAIPLALSTEAILHSNNTRDMESDREAGIVTLAILIGPTFSYILYNTLLFLPYLVFSILATHCTISLALPLLTIPMAFSLERQFRSQAFNKLPQRTAKLNLLLGLFYVFGIILAPAGSLPKI
ind_pos8,MAATGTAAAAATGRLLLLLLVGLTAPALALAGYIEALAANAGTGFAVAEPQIAMFCGKLNMHVNIQTGKWEPDPTGTKSCFETKEEVLQYCQEMYPELQITNVMEANQRVSIDNWCRRDKKQCKSRFVTPFKCLVGEFVSDVLLVPEKCQFFHKERMEVCENHQHWHTVVKEACLTQGMTLYSYGMLLPCGVDQFHGTEYVCCPQTKIIGSVSKEEEEEDEEEEEEEDEEEDYDVYKSEFPTEADLEDFTEAAVDEDDEDEEEGEEVVEDRDYYYDTFKGDDYNEENPTEPGSDGTMSDKEITHDVKAVCSQEAMTGPCRAVMPRWYFDLSKGKCVRFIYGGCGGNRNNFESEDYCMAVCKAMIPPTPLPTNDVDVYFETSADDNEHARFQKAKEQLEIRHRNRMDRVKKEWEEAELQAKNLPKAERQTLIQHFQAMVKALEKEAASEKQQLVETHLARVEAMLNDRRRMALENYLAALQSDPPRPHRILQALRRYVRAENKDRLHTIRHYQHVLAVDPEKAAQMKSQVMTHLHVIEERRNQSLSLLYKVPYVAQEIQEEIDELLQEQRADMDQFTASISETPVDVRVSSEESEEIPPFHPFHPFPALPENEDTQPELYHPMKKGSGVGEQDGGLIGAEEKVINSKNKVDENMVIDETLDVKEMIFNAERVGGLEEERESVGPLREDFSLSSSALIGLLVIAVAIATVIVISLVMLRKRQYGTISHGIVEVDPMLTPEERHLNKMQNHGYENPTYKYLEQMQI
ind_pos9,MAAVLSPITRQVSKEPRELQRVCVDIRLEDVQDCLVYDRRGGSVPFKNLYQHTKSVIIFVRNFLCYACKEYVEDLSKIPEDVFEGKVLGIRLIVIGQSMHHHIEAFCTLTGYPYEIYVDPDRHIYQKLGMKREETFTDSAQPSPHVKSGIFAGQMKSIWRAMTGPIFDFQGDLHQQGGAIIVGPGAQVHFCHFDTNRLDHMPINWLLQLAGVQQTLDFSKPKIMHV
ind_pos10,MADEEKLPPGWEKRMSRSSGRVYYFNHITNASQWERPSGNSSSGGKNGQGEPARVRCSHLLVKHSQSRRPSSWRQEKITRTKEEALELINGYIQKIKSGEEDFESLASQFSDCSSAKARGDLGAFSRGQMQKPFEDASFALRTGEMSGPVFTDSGIHIILRTE
ind_pos11,MADSRDPASDQMQHWKEQRAAQKADVLTTGAGNPVGDKLNVITVGPRGPLLVQDVVFTDEMAHFDRERIPERVVHAKGAGAFGYFEVTHDITKYSKAKVFEHIGKKTPIAVRFSTVAGESGSADTVRDPRGFAVKFYTEDGNWDLVGNNTPIFFIRDPILFPSFIHSQKRNPQTHLKDPDMVWDFWSLRPESLHQVSFLFSDRGIPDGHRHMNGYGSHTFKLVNANGEAVYCKFHYKTDQGIKNLSVEDAARLSQEDPDYGIRDLFNAIATGKYPSWTFYIQVMTFNQAETFPFNPFDLTKVWPHKDYPLIPVGKLVLNRNPVNYFAEVEQIAFDPSNMPPGIEASPDKMLQGRLFAYPDTHRHRLGPNYLHIPVNCPYRARVANYQRDGPMCMQDNQGGAPNYYPNSFGAPEQQPSALEHSIQYSGEVRRFNTANDDNVTQVRAFYVNVLNEEQRKRLCENIAGHLKDAQIFIQKKAVKNFTEVHPDYGSHIQALLDKYNAEKPKNAIHTFVQSGSHLAAREKANL
ind_pos12,MAFAVSTACRPSLLLPPRQRSSPPRPRPLLCTPSTAAFRRGALSATTTPTPARAALPSTTGRNRIVCGKVSKGSAAPNFTLRDQDGRAVSLSKFKGRPVVVYFYPADETPGCTKQACAFRDSYEKFKKAGAEVIGISGDDAASHKEFKKKYKLPFTLLSDEGNKVRKEWGVPADLFGTLPGRQTYVLDKNGVVQYIYNNQFQPEKHIGETLKILQSL
ind_pos13,MAGWWPALSRAARRHPWPTNVLLYGSLVSAGDALQQRLQGREANWRQTRRVATLVVTFHANFNYVWLRLLERALPGRAPHALLAKLLCDQVVGAPIAVSAFYVGMSILQGKDDIFLDLKQKFWNTYLSGLMYWPFVQLTNFSLVPVQWRTAYAGVCGFLWATFICFSQQSGDGTFKSAFTILYTKGTSATEGYPKK
ind_pos14,MAKRSRGPGRRCLLALVLFCAWGTLAVVAQKPGAGCPSRCLCFRTTVRCMHLLLEAVPAVAPQTSILDLRFNRIREIQPGAFRRLRNLNTLLLNNNQIKRIPSGAFEDLENLKYLYLYKNEIQSIDRQAFKGLASLEQLYLHFNQIETLDPDSFQHLPKLERLFLHNNRITHLVPGTFNHLESMKRLRLDSNTLHCDCEILWLADLLKTYAESGNAQAAAICEYPRRIQGRSVATITPEELNCERPRITSEPQDADVTSGNTVYFTCRAEGNPKPEIIWLRNNNELSMKTDSRLNLLDDGTLMIQNTQETDQGIYQCMAKNVAGEVKTQEVTLRYFGSPARPTFVIQPQNTEVLVGESVTLECSATGHPPPRISWTRGDRTPLPVDPRVNITPSGGLYIQNVVQGDSGEYACSATNNIDSVHATAFIIVQALPQFTVTPQDRVVIEGQTVDFQCEAKGNPPPVIAWTKGGSQLSVDRRHLVLSSGTLRISGVALHDQGQYECQAVNIIGSQKVVAHLTVQPRVTPVFASIPSDTTVEVGANVQLPCSSQGEPEPAITWNKDGVQVTESGKFHISPEGFLTINDVGPADAGRYECVARNTIGSASVSMVLSVNVPDVSRNGDPFVATSIVEAIATVDRAINSTRTHLFDSRPRSPNDLLALFRYPRDPYTVEQARAGEIFERTLQLIQEHVQHGLMVDLNGTSYHYNDLVSPQYLNLIANLSGCTAHRRVNNCSDMCFHQKYRTHDGTCNNLQHPMWGASLTAFERLLKSVYENGFNTPRGINPHRLYNGHALPMPRLVSTTLIGTETVTPDEQFTHMLMQWGQFLDHDLDSTVVALSQARFSDGQHCSNVCSNDPPCFSVMIPPNDSRARSGARCMFFVRSSPVCGSGMTSLLMNSVYPREQINQLTSYIDASNVYGSTEHEARSIRDLASHRGLLRQGIVQRSGKPLLPFATGPPTECMRDENESPIPCFLAGDHRANEQLGLTSMHTLWFREHNRIATELLKLNPHWDGDTIYYETRKIVGAEIQHITYQHWLPKILGEVGMRTLGEYHGYDPGINAGIFNAFATAAFRFGHTLVNPLLYRLDENFQPIAQDHLPLHKAFFSPFRIVNEGGIDPLLRGLFGVAGKMRVPSQLLNTELTERLFSMAHTVALDLAAINIQRGRDHGIPPYHDYRVYCNLSAAHTFEDLKNEIKNPEIREKLKRLYGSTLNIDLFPALVVEDLVPGSRLGPTLMCLLSTQFKRLRDGDRLWYENPGVFSPAQLTQIKQTSLARILCDNADNITRVQSDVFRVAEFPHGYGSCDEIPRVDLRVWQDCCEDCRTRGQFNAFSYHFRGRRSLEFSYQEDKPTKKTRPRKIPSVGRQGEHLSNSTSAFSTRSDASGTNDFREFVLEMQKTITDLRTQIKKLESRLSTTECVDAGGESHANNTKWKKDACTICECKDGQVTCFVEACPPATCAVPVNIPGACCPVCLQKRAEEKP
ind_pos15,MALALSVAPTSSSLSSLLSRTPNPSPNFRTTHLNFGSQRRIYTINPLLRSFKCLQSSSRDVNASPFSISAIASSSSSSQTTELVPYKLQRLVKEFKSLTEPIDRLKWVLHYASLLPQMPESSKTESNRVMGCTARVWLDAELGQDGKMRFCADSDSDVSKGMCSCLIQVLDEASPVEVMELKTEDLAELNVGLLGGERSRVNTWYNVLVSMQKKTRRLVAEREGKVPSFEPFPSLVLTAHGIEAKGSFAQAQAKYLFPEESRVEELVNVLKEKKIGVVAHFYMDPEVQGVLTAAQKHWPHISISDSLVMADSAVTMAKAGCQFITVLGVDFMSENVRAILDQAGFEKVGVYRMSDETIGCSLADAASAPAYLNYLEAASRSPPSLHVVYINTSLETKAFAHELVPTITCTSSNVVQTILQAFAQMPELTVWYGPDSYMGANIVKLFQQMTLMTNEEIANIHPKHSLDSIKSLLPRLHYFQEGTCIVHHLFGHEVVERIKYMYCDAFLTAHLEVPGEMFSLAMEAKKREMGVVGSTQNILDFIKQKVQEAVDRNVDDHLQFVLGTESGMVTSIVAVIRSLLGSSANSKLKVEVVFPVSSDSMTKTSSDSSNSIKVGDVALPVVPGVAGGEGCSIHGGCASCPYMKMNSLSSLLKVCHKLPDLENVYGGFIAERFKRQTPQGKLIADVGCEPILHMRHFQANKELPDKLVHQVLSCESKR
ind_pos16,MANLGCWMLVLFVATWSDLGLCKKRPKPGGWNTGGSRYPGQGSPGGNRYPPQGGGGWGQPHGGGWGQPHGGGWGQPHGGGWGQPHGGGWGQGGGTHSQWNKPSKPKTNMKHMAGAAAAGAVVGGLGGYMLGSAMSRPIIHFGSDYEDRYYRENMHRYPNQVYYRPMDEYSNQNNFVHDCVNITIKQHTVTTTTKGENFTETDVKMMERVVEQMCITQYERESQAYYQRGSSMVLFSSPPVILLISFLIFLIVG
ind_pos17,MAPIKRGDRFPTTDDVYYIPPEGGEPGPLELSKFVKTKKFVVVSVPGAFTPPCTEQHLPGYIKNLPRILSKGVDFVLVISQNDPFVLKGWKKELGAADAKKLVFVSDPNLKLTKKLGSTIDLSAIGLGTRSGRLALIVNRSGIVEYAAIENGGEVDVSTAQKIIAKL
ind_pos18,MAPVAVGDTLPDGQLGWFDGEDKLQQVSVHGLAAGKKVVLFGVPGAFTPTCSNQHVPGFINQAEQLKAKGVDDILLVSVNDPFVMKAWAKSYPENKHVKFLADGLGTYTKALGLELDLSEKGLGIRSRRFALLADNLKVTVANIEEGGQFTISGAEEILKAL
ind_pos19,MAQITFKQEPITLLGSQVKTGETAPEFTLLDNDLNEVNLSTYDGQKKLISVVPSIDTGVCDQQTRKFNEEASQEDGVVLTVSVDLPFAQKRWCASNGLDNVITLSDHKDLSFGKNYGVVMEELRLLARSVFVLDKNNKVVYSEIVSEGTDFPDFESALEAYRNI
ind_pos20,MAQKLWGSCLFSLFMAALAQETLNPQKSKVDCNKGVTGTVYEYGANTIDGGEFVNFQQYAGKHILFVNVASFCGLTATYPELNTLQEELKPFNVTVLGFPCNQFGKQEPGKNSEILLGLKYVRPGGGYVPNFQLFEKGDVNGDNEQKVFSFLKNSCPPTSELFGSPEHLFWDPMKVHDIRWNFEKFLVGPDGVPVMRWFHHTPVRIVQSDIMEYLNQTSTQ
ind_pos21,MAQTVVLKVGMSCQGCVGAVNRVLGKMEGVESFDIDIKEQKVTVKGNVEPEAVFQTVSKTGKKTSYWPVEAEAEPKAEADPKVETVTETKTEAETKTEAKVDAKADVEPKAAEAETKPSQV
ind_pos22,MARTVNLKGNPVTLVGPELKVGDRAPEAVVVTKDLQEKIVGGAKDVVQVIITVPSLDTPVCETETKKFNEIMAGMEGVDVTVVSMDLPFAQKRFCESFNIQNVTVASDFRYRDMEKYGVLIGEGALKGILARAVFIIDKEGKVAYVQLVPEITEEPNYDEVVNKVKELI
ind_pos23,MASELAMSNSDLPTSPLAMEYVNDFDLMKFEVKKEPVETDRIISQCGRLIAGGSLSSTPMSTPCSSVPPSPSFSAPSPGSGSEQKAHLEDYYWMTGYPQQLNPEALGFSPEDAVEALISNSHQLQGGFDGYARGAQQLAAAAGAGAGASLGGSGEEMGPAAAVVSAVIAAAAAQSGAGPHYHHHHHHAAGHHHHPTAGAPGAAGSAAASAGGAGGAGGGGPASAGGGGGGGGGGGGGGAAGAGGALHPHHAAGGLHFDDRFSDEQLVTMSVRELNRQLRGVSKEEVIRLKQKRRTLKNRGYAQSCRFKRVQQRHVLESEKNQLLQQVDHLKQEISRLVRERDAYKEKYEKLVSSGFRENGSSSDNPSSPEFFM
ind_pos24,MASGNAQIGKSAPDFTATAVVDGAFKEIKLSDYRGKYVVLFFYPLDFTFVCPTEIIAFSDHAEDFRKLGCEVLGVSVDSQFTHLAWINTPRKEGGLGPLNIPLLADVTKSLSQNYGVLKNDEGIAYRGLFIIDAKGVLRQITVNDLPVGRSVDEALRLVQAFQYTDEHGEVCPAGWKPGSDTIKPNVDDSKEYFSKHN
ind_pos25,MASGNARIGKPAPDFKATAVVDGAFKEVKLSDYKGKYVVLFFYPLDFTFVCPTEIIAFSNRAEDFRKLGCEVLGVSVDSQFTHLAWINTPRKEGGLGPLNIPLLADVTRRLSEDYGVLKTDEGIAYRGLFIIDGKGVLRQITVNDLPVGRSVDEALRLVQAFQYTDEHGEVCPAGWKPGSDTIKPNVDDSKEYFSKHN
ind_pos26,MASKRALVILAKGAEEMETVIPVDVMRRAGIKVTVAGLAGKDPVQCSRDVVICPDASLEDAKKEGPYDVVVLPGGNLGAQNLSESAAVKEILKEQENRKGLIAAICAGPTALLAHEIGFGSKVTTHPLAKDKMMNGGHYTYSENRVEKDGLILTSRGPGTSFEFALAIVEALNGKEVAAQVKAPLVLKD
ind_pos27,MASPQLCRALVSAQWVAEALRAPRAGQPLQLLDASWYLPKLGRDARREFEERHIPGAAFFDIDQCSDRTSPYDHMLPGAEHFAEYAGRLGVGAATHVVIYDASDQGLYSAPRVWWMFRAFGHHAVSLLDGGLRHWLRQNLPLSSGKSQPAPAEFRAQLDPAFIKTYEDIKENLESRRFQVVDSRATGRFRGTEPEPRDGIEPGHIPGTVNIPFTDFLSQEGLEKSPEEIRHLFQEKKVDLSKPLVATCGSGVTACHVALGAYLCGKPDVPIYDGSWVEWYMRARPEDVISEGRGKTH
ind_pos28,MATELEKALSNVIEVYHNYSGIKGNHHALYRDDFRKMVTTECPQFVQNKNTESLFKELDVNSDNAINFEEFLVLVIRVGVAAHKDSHKE
ind_pos29,MATFLGNPVTFTGSQLQVGEIAHDFSLITPALEKKSLADFAGKKKVLSIIPSIDTGICSMQTRHFNKTLSDLEDTVVLTVSVDLPFAQGKWCAAEGLDNAIMLSDYYDHSFGKAYGLLINEWHLLARAVLVLDADNKITYVEYLDNINSEPNYDAAIEAVKVLG
ind_pos30,MAVRPTRRCLLALLLCFAWWAMAVVASKQGAGCPSRCLCFRTTVRCMHLLLEAVPAVAPQTSILDLRFNRIREIQPGAFRRLRSLNTLLLNNNQIKKIPNGAFEDLENLKYLYLYKNEIQSIDRQAFKGLASLEQLYLHFNQIETLDPESFQHLPKLERLFLHNNRITHLVPGTFSQLESMKRLRLDSNALHCDCEILWLADLLKTYAQSGNAQAAATCEYPRRIQGRSVATITPEELNCERPRITSEPQDADVTSGNTVYFTCRAEGNPKPEIIWLRNNNELSMKTDSRLNLLDDGTLMIQNTQEADEGVYQCMAKNVAGEAKTQEVTLRYLGSPARPTFVIQPQNTEVLVGESVTLECSATGHPLPQITWTRGDRTPLPIDPRVNITPSGGLYIQNVAQSDSGEYTCFASNSVDSIHATAFIIVQALPQFTVTPQSRVVIEGQTVDFQCAAKGHPQPVIAWTKGGSQLSVDRRHLVLSSGTLRISGVALHDQGQYECQAVNIIGSQKVVAHLTVQPRVTPVFASIPSDMTVEVGTNVQLPCSSQGEPEPAITWNKDGVQVTESGKFHISPEGFLTINDVGTADAGRYECVARNTIGYASVSMVLSVNVPDVSRNGDPYVATSIVEAIATVDRAINSTRTHLFDSRPRSPNDLLALFRYPRDPYTVGQARAGEIFERTLQLIQEHVQHGLMVDLNGTSYHYNDLVSPQYLSLIANLSGCTAHRRVNNCSDMCFHQKYRTHDGTCNNLQHPMWGASLTAFERLLKAVYENGFNTPRGINSQRQYNGHVLPMPRLVSTTLIGTEVITPDEQFTHMLMQWGQFLDHDLDSTVVALSQARFSDGQHCSSVCSNDPPCFSVMIPPNDPRVRSGARCMFFVRSSPVCGSGMTSLLMNSVYPREQINQLTSYIDASNVYGSTDHEARSIRDLASHRGLLRQGIVQRSGKPLLPFATGPPTECMRDENESPIPCFLAGDHRANEQLGLTSMHTLWFREHNRIAAELLKLNPHWDGDTVYHETRKIVGAEIQHITYRHWLPKILGEVGMKMLGEYRGYDPSVNAGIFNAFATAAFRFGHTLINPLLYRLDENFEPIPQGHVPLHKAFFSPFRIVNEGGIDPLLRGLFGVAGKMRIPSQLLNTELTERLFSMAHTVALDLAAINIQRGRDHGIPPYHDYRVYCNLSAAYTFEDLKNEIKSPVIREKLQRLYGSTLNIDLFPALMVEDLVPGSRLGPTLMCLLSTQFRRLRDGDRLWYENPGVFSPAQLTQLKQTSLARILCDNSDNITRVQQDVFRVAEFPHGYSSCEDIPRVDLRVWQDCCEDCRTRGQFNAFSYHFRGRRSLEFSYEDDKPTKRARWRKALSVKHGKHLSNATSATHEHLEGPATNDLKEFVLEMQKIITDLRKQINSLESRLSTTECVDDSGESHGGNTKWKKDPCTVCECKNGQITCFVEACQPAACPQPVKVEGACCPVCLKNTAEEKP
ind_pos31,MEALPLLAATTPDHGRHRRLLLLPLLLFLLPAGAVQGWETEERPRTREEECHFYAGGQVYPGEASRVSVADHSLHLSKAKISKPAPYWEGTAVIDGEFKELKLTDYRGKYLVFFFYPLDFTFVCPTEIIAFGDRLEEFRSINTEVVACSVDSQFTHLAWINTPRRQGGLGPIRIPLLSDLTHQISKDYGVYLEDSGHTLRGLFIIDDKGILRQITLNDLPVGRSVDETLRLVQAFQYTDKHGEVCPAGWKPGSETIIPDPAGKLKYFDKLN
ind_pos32,MEARSKLLDGTTASRRWTRKLVLLLPPLLLFLLRTESLQGLESDERFRTRENECHFYAGGQVYPGEASRVSVADHSLHLSKAKISKPAPYWEGTAVINGEFKELKLTDYRGKYLVFFFYPLDFTFVCPTEIIAFGDRIEEFKSINTEVVACSVDSQFTHLAWINTPRRQGGLGPIRIPLLSDLNHQISKDYGVYLEDSGHTLRGLFIIDDKGVLRQITLNDLPVGRSVDETLRLVQAFQYTDKHGEVCPAGWKPGSETIIPDPAGKLKYFDKLN
ind_pos33,MEKLEVGQLAPDFRLKNSDGVEISLKDLLHKKVVLYFYPKDNTPGCTLEAKDFSALFSEFEKKNAVVVGVSPDNSQSHQKFISQCSLNVILLCDEDKKVANLYKAYGKRMLYGKEHLGIIRSTFIINTQGVLEKCFYNVKAKGHAQKVLESL
ind_pos34,MEPFAAYPLKCSGPKAKIFAVLLSMVLCTVMLFLLQLKFLKPRTNSFYSFEVKDAKGRTVSLEKFKGKASLVVNVASDCRFTDKSYQTLRELHKEFGPYHFNVLAFPCNQFGESEPKSSKEVESFARQNYGVTFPIFHKIKILGPEAEPAFRFIVDSSKKEPRWNFWKYLVNPEGQVVKFWRPEEPLEAIRPHVSQMIGQIILKKKEDL
ind_pos35,MEPHEEQIWKSKLLKAANNDMDMDRNVPLAPNLNVNMNMKMNASRNGDEFGLTSSRFDGVVIGSNGDVNFKPILEKIFRELTSDYKEERKLASISLFDLLVSLEHELSIEEFQAVSNDINNKILELVHTKKTSTRVGAVLSIDTLISFYAYTERLPNETSRLAGYLRGLIPSNDVEVMRLAAKTLGKLAVPGGTYTSDFVEFEIKSCLEWLTASTEKNSFSSSKPDHAKHAALLIITALAENCPYLLYQYLNSILDNIWRALRDPHLVIRIDASITLAKCLSTLRNRDPQLTSQWVQRLATSCEYGFQVNTLECIHASLLVYKEILFLKDPFLNQVFDQMCLNCIAYENHKAKMIREKIYQIVPLLASFNPQLFAGKYLHQIMDNYLEILTNAPANKIPHLKDDKPQILISIGDIAYEVGPDIAPYVKQILDYIEHDLQTKFKFRKKFENEIFYCIGRLAVPLGPVLGKLLNRNILDLMFKCPLSDYMQETFQILTERIPSLGPKINDELLNLVCSTLSGTPFIQPGSPMEIPSFSRERAREWRNKNILQKTGESNDDNNDIKIIIQAFRMLKNIKSRFSLVEFVRIVALSYIEHTDPRVRKLAALTSCEIYVKDNICKQTSLHSLNTVSEVLSKLLAITIADPLQDIRLEVLKNLNPCFDPQLAQPDNLRLLFTALHDESFNIQSVAMELVGRLSSVNPAYVIPSIRKILLELLTKLKFSTSSREKEETASLLCTLIRSSKDVAKPYIEPLLNVLLPKFQDTSSTVASTALRTIGELSVVGGEDMKIYLKDLFPLIIKTFQDQSNSFKREAALKALGQLAASSGYVIDPLLDYPELLGILVNILKTENSQNIRRQTVTLIGILGAIDPYRQKEREVTSTTDISTEQNAPPIDIALLMQGMSPSNDEYYTTVVIHCLLKILKDPSLSSYHTAVIQAIMHIFQTLGLKCVSFLDQIIPTILDVMRTCSQSLLEFYFQQLCSLIIIVRQHIRPHVDSIFQAIKDFSSVAKLQITLVSVIEAISKALEGEFKRLVPLTLTLFLVILENDKSSDKVLSRRVLRLLESFGPNLEGYSHLITPKIVQMAEFTSGNLQRSAIITIGKLAKDVDLFEMSSRIVHSLLRVLSSTTSDELSKVIMNTLSLLLIQMGTSFAIFIPVINEVLMKKHIQHTIYDDLTNRILNNDVLPTKILEANTTDYKPAEQMEAADAGVAKLPINQSVLKSAWNSSQQRTKEDWQEWSKRLSIQLLKESPSHALRACSNLASMYYPLAKELFNTAFACVWTELYSQYQEDLIGSLCIALSSPLNPPEIHQTLLNLVEFMEHDDKALPIPTQSLGEYAERCHAYAKALHYKEIKFIKEPENSTIESLISINNQLNQTDAAIGILKHAQQHHSLQLKETWFEKLERWEDALHAYNEREKAGDTSVSVTLGKMRSLHALGEWEQLSQLAARKWKVSKLQTKKLIAPLAAGAAWGLGEWDMLEQYISVMKPKSPDKEFFDAILYLHKNDYDNASKHILNARDLLVTEISALINESYNRAYSVIVRTQIITEFEEIIKYKQLPPNSEKKLHYQNLWTKRLLGCQKNVDLWQRVLRVRSLVIKPKQDLQIWIKFANLCRKSGRMRLANKALNMLLEGGNDPSLPNTFKAPPPVVYAQLKYIWATGAYKEALNHLIGFTSRLAHDLGLDPNNMIAQSVKLSSASTAPYVEEYTKLLARCFLKQGEWRIATQPNWRNTNPDAILGSYLLATHFDKNWYKAWHNWALANFEVISMVQEETKLNGGKNDDDDDTAVNNDNVRIDGSILGSGSLTINGNRYPLELIQRHVVPAIKGFFHSISLLETSCLQDTLRLLTLLFNFGGIKEVSQAMYEGFNLMKIENWLEVLPQLISRIHQPDPTVSNSLLSLLSDLGKAHPQALVYPLTVAIKSESVSRQKAALSIIEKIRIHSPVLVNQAELVSHELIRVAVLWHELWYEGLEDASRQFFVEHNIEKMFSTLEPLHKHLGNEPQTLSEVSFQKSFGRDLNDAYEWLNNYKKSKDINNLNQAWDIYYNVFRKITRQIPQLQTLDLQHVSPQLLATHDLELAVPGTYFPGKPTIRIAKFEPLFSVISSKQRPRKFSIKGSDGKDYKYVLKGHEDIRQDSLVMQLFGLVNTLLKNDSECFKRHLDIQQYPAIPLSPKSGLLGWVPNSDTFHVLIREHRDAKKIPLNIEHWVMLQMAPDYENLTLLQKIEVFTYALDNTKGQDLYKILWLKSRSSETWLERRTTYTRSLAVMSMTGYILGLGDRHPSNLMLDRITGKVIHIDFGDCFEAAILREKYPEKVPFRLTRMLTYAMEVSGIEGSFRITCENVMRVLRDNKESLMAILEAFALDPLIHWGFDLPPQKLTEQTGIPLPLINPSELLRKGAITVEEAANMEAEQQNETKNARAMLVLRRITDKLTGNDIKRFNELDVPEQVDKLIQQATSIERLCQHYIGWCPFW
ind_pos36,MEPLAAYPLKCSGPRAKVFAVLLSIVLCTVTLFLLQLKFLKPKINSFYAFEVKDAKGRTVSLEKYKGKVSLVVNVASDCQLTDRNYLGLKELHKEFGPSHFSVLAFPCNQFGESEPRPSKEVESFARKNYGVTFPIFHKIKILGSEGEPAFRFLVDSSKKEPRWNFWKYLVNPEGQVVKFWKPEEPIEVIRPDIAALVRQVIIKKKEDL
ind_pos37,MEPRLFCWTTLFLLAGWCLPGLPCPSRCLCFKSTVRCMHLMLDHIPQVPQQTTVLDLRFNRIREIPGSAFKKLKNLNTLLLNNNHIRKISRNAFEGLENLLYLYLYKNEIHALDKQTFKGLISLEHLYIHFNQLEMLQPETFGDLLRLERLFLHNNKLSKIPAGSFSNLDSLKRLRLDSNALVCDCDLMWLGELLQGFAQHGHTQAAATCEYPRRLHGRAVASVTVEEFNCQSPRITFEPQDVEVPSGNTVYFTCRAEGNPKPEIIWIHNNHSLDLEDDTRLNVFDDGTLMIRNTRESDQGVYQCMARNSAGEAKTQSAMLRYSSLPAKPSFVIQPQDTEVLIGTSTTLECMATGHPHPLITWTRDNGLELDGSRHVATSSGLYLQNITQRDHGRFTCHANNSHGTVQAAANIIVQAPPQFTVTPKDQVVLEEHAVEWLCEADGNPPPVIVWTKTGGQLPVEGQHTVLSSGTLRIDRAAQHDQGQYECQAVSSLGVKKVSVQLTVKPKALAVFTQLPQDTSVEVGKNINISCHAQGEPQPIITWNKEGVQITESGKFHVDDEGTLTIYDAGFPDQGRYECVARNSFGLAVTNMFLTVTAIQGRQAGDDFVESSILDAVQRVDSAINSTRRHLFSQKPHTSSDLLAQFHYPRDPLIVEMARAGEIFEHTLQLIRERVKQGLTVDLEGKEFRYNDLVSPRSLSLIANLSGCTARRPLPNCSNRCFHAKYRAHDGTCNNLQQPTWGAALTAFARLLQPAYRDGIRAPRGLGLPVGSRQPLPPPRLVATVWARAAAVTPDHSYTRMLMHWGWFLEHDLDHTVPALSTARFSDGRPCSSVCTNDPPCFPMNTRHADPRGTHAPCMLFARSSPACASGRPSATVDSVYAREQINQQTAYIDGSNVYGSSERESQALRDPSVPRGLLKTGFPWPPSGKPLLPFSTGPPTECARQEQESPCFLAGDHRANEHLALAAMHTLWFREHNRMATELSALNPHWEGNTVYQEARKIVGAELQHITYSHWLPKVLGDPGTRMLRGYRGYNPNVNAGIINSFATAAFRFGHTLINPILYRLNATLGEISEGHLPFHKALFSPSRIIKEGGIDPVLRGLFGVAAKWRAPSYLLSPELTQRLFSAAYSAAVDSAATIIQRGRDHGIPPYVDFRVFCNLTSVKNFEDLQNEIKDSEIRQKLRKLYGSPGDIDLWPALMVEDLIPGTRVGPTLMCLFVTQFQRLRDGDRFWYENPGVFTPAQLTQLKQASLSRVLCDNGDSIQQVQADVFVKAEYPQDYLNCSEIPKVDLRVWQDCCADCRSRGQFRAVTQESQKKRSAQYSYPVDKDMELSHLRSRQQDKIYVGEDARNVTVLAKTKFSQDFSTFAAEIQETITALREQINKLEARLRQAGCTDVRGVPRKAEERWMKEDCTHCICESGQVTCVVEICPPAPCPSPELVKGTCCPVCRDRGMPSDSPEKR
ind_pos38,MFHQVWAALLYLYGLLFNSMNQCPEHSQLMTLGMDDKETPEPHLGLWYFIAGAAPTMEELATFDQVDNIVFNMAAGSAPRQLQLRATIRTKNGVCVPRKWTYHLTEGKGNTELRTEGRPDMKTDLFSISCPGGIMLKETGQGYQRFLLYNRSPHPPEECVEEFQSLTSCLDFKAFLVTPRNQEACPLSSK
ind_pos39,MFMNLLTQVSNAIFPQVEAAQKMSNRAVAVLRGETVTGTIWITQKSENDQAVIEGEIKGLTPGLHGFHVHQYGDSTNGCISAGPHFNPFGKTHGGPKSEIRHVGDLGNVEAGADGVAKIKLTDTLVTLYGPNTVVGRSMVVHAGQDDLGEGVGDKAEESKKTGNAGARAACGVIALAAPQ
ind_pos40,MGETAEGVEAGEKYVSIPQLAGVGTLLSNGGKEIPLSSIEGKRICLFFSAHWCRPCRNFTPKLLQIYRKLRNTCKNMEIIFISLDRDEISFLDYFKGMPWLALPFDTGLRQKLCVQFDIEHIPALIPLSTTLSHGFRVEEDAVKLVEEYGVDAYPFGAKRRSELEGMDDARRQGGNLLQLLGCKEREYVISADGIKTPISDLNGKTIGLYFGAHWCPPCRAFTKQLREAYDELKALRPGNFQVIFISMDRNEEEFQASLSAMPWFAIPYSDTTVQELSRIFTIKGIPTLLILGPDGKVFKTDGRRIISKYGAMAFPFTESRAYELEEVLKKERDSLPHRVRDHRHEHELELDMAKAYLSTQLFHQTPSVQPCRLNLKTLREEYHLIFTNSNRKTSRPQSSYTRQQRDLNNLYSDPKHLPQLHKHFDQSNVATAENSLRFLNGEPENSDISSIHVAFADLAGKIRGEDDKRD
ind_pos41,MGFCLALAWTLLVGAWTPLGAQNPISWEVQRFDGWYNNLMEHRWGSKGSRLQRLVPASYADGVYQPLGEPHLPNPRDLSNTISRGPAGLASLRNRTVLGVFFGYHVLSDLVSVETPGCPAEFLNIRIPPGDPMFDPDQRGDVVLPFQRSRWDPETGRSPSNPRDPANQVTGWLDGSAIYGSSHSWSDALRSFSRGQLASGPDPAFPRDSQNPLLMWAAPDPATGQNGPRGLYAFGAERGNREPFLQALGLLWFRYHNLWAQRLARQHPDWEDEELFQHARKRVIATYQNIAVYEWLPSFLQKTLPEYTGYRPFLDPSISSEFVAASEQFLSTMVPPGVYMRNASCHFQGVINRNSSVSRALRVCNSYWSREHPSLQSAEDVDALLLGMASQIAEREDHVLVEDVRDFWPGPLKFSRTDHLASCLQRGRDLGLPSYTKARAALGLSPITRWQDINPALSRSNDTVLEATAALYNQDLSWLELLPGGLLESHRDPGPLFSTIVLEQFVRLRDGDRYWFENTRNGLFSKKEIEEIRNTTLQDVLVAVINIDPSALQPNVFVWHKGDPCPQPRQLSTEGLPACAPSVVRDYFEGSGFGFGVTIGTLCCFPLVSLLSAWIVARLRMRNFKRLQGQDRQSIVSEKLVGGMEALEWQGHKEPCRPVLVYLQPGQIRVVDGRLTVLRTIQLQPPQKVNFVLSSNRGRRTLLLKIPKEYDLVLLFNLEEERQALVENLRGALKESGLSIQEWELREQELMRAAVTREQRRHLLETFFRHLFSQVLDINQADAGTLPLDSSQKVREALTCELSRAEFAESLGLKPQDMFVESMFSLADKDGNGYLSFREFLDILVVFMKGSPEEKSRLMFRMYDFDGNGLISKDEFIRMLRSFIEISNNCLSKAQLAEVVESMFRESGFQDKEELTWEDFHFMLRDHNSELRFTQLCVKGVEVPEVIKDLCRRASYISQDMICPSPRVSARCSRSDIETELTPQRLQCPMDTDPPQEIRRRFGKKVTSFQPLLFTEAHREKFQRSCLHQTVQQFKRFIENYRRHIGCVAVFYAIAGGLFLERAYYYAFAAHHTGITDTTRVGIILSRGTAASISFMFSYILLTMCRNLITFLRETFLNRYVPFDAAVDFHRLIASTAIVLTVLHSVGHVVNVYLFSISPLSVLSCLFPGLFHDDGSELPQKYYWWFFQTVPGLTGVVLLLILAIMYVFASHHFRRRSFRGFWLTHHLYILLYVLLIIHGSFALIQLPRFHIFFLVPAIIYGGDKLVSLSRKKVEISVVKAELLPSGVTHLRFQRPQGFEYKSGQWVRIACLALGTTEYHPFTLTSAPHEDTLSLHIRAAGPWTTRLREIYSAPTGDRCARYPKLYLDGPFGEGHQEWHKFEVSVLVGGGIGVTPFASILKDLVFKSSVSCQVFCKKIYFIWVTRTQRQFEWLADIIREVEENDHQDLVSVHIYITQLAEKFDLRTTMLYICERHFQKVLNRSLFTGLRSITHFGRPPFEPFFNSLQEVHPQVRKIGVFSCGPPGMTKNVEKACQLINRQDRTHFSHHYENF
ind_pos42,MGLAGVCALRRSAGYILVGGAGGQSAAAAARRYSEGEWASGGVRSFSRAAAAMAPIKVGDAIPAVEVFEGEPGNKVNLAELFKGKKGVLFGVPGAFTPGCSKTHLPGFVEQAEALKAKGVQVVACLSVNDAFVTGEWGRAHKAEGKVRLLADPTGAFGKETDLLLDDSLVSIFGNRRLKRFSMVVQDGIVKALNVEPDGTGLTCSLAPNIISQL
ind_pos43,MGNELLSTARIYTFKIPDAYNNVIDFDQFKNKVILIVNVASLCGFTPQYKELQLLYEKYHERGLEILGFPCNQFGNQEPLQEEEIVESCRRNFGVSFPIMKKTKVNIDCDGHESELYKYLKSEKPGEVGFKGVRWNFEKFIVNRKGEVVARFNSLITPLQLEGFIEQLLSE
ind_pos44,MGPASPAARGLSRRPGQPPLPLLLPLLLLLLRAQPAIGSLAGGSPGAAEAPGSAQVAGLCGRLTLHRDLRTGRWEPDPQRSRRCLRDPQRVLEYCRQMYPELQIARVEQATQAIPMERWCGGSRSGSCAHPHHQVVPFRCLPGEFVSEALLVPEGCRFLHQERMDQCESSTRRHQEAQEACSSQGLILHGSGMLLPCGSDRFRGVEYVCCPPPGTPDPSGTAVGDPSTRSWPPGSRVEGAEDEEEEESFPQPVDDYFVEPPQAEEEEETVPPPSSHTLAVVGKVTPTPRPTDGVDIYFGMPGEISEHEGFLRAKMDLEERRMRQINEVMREWAMADNQSKNLPKADRQALNEHFQSILQTLEEQVSGERQRLVETHATRVIALINDQRRAALEGFLAALQADPPQAERVLLALRRYLRAEQKEQRHTLRHYQHVAAVDPEKAQQMRFQVHTHLQVIEERVNQSLGLLDQNPHLAQELRPQIQELLHSEHLGPSELEAPAPGGSSEDKGGLQPPDSKDDTPMTLPKGSTEQDAASPEKEKMNPLEQYERKVNASVPRGFPFHSSEIQRDELAPAGTGVSREAVSGLLIMGAGGGSLIVLSMLLLRRKKPYGAISHGVVEVDPMLTLEEQQLRELQRHGYENPTYRFLEERP
ind_pos45,MGVPFFSSLRCMVDLGPCWAGGLTAEMKLLLALAGLLAILATPQPSEGAAPAVLGEVDTSLVLSSMEEAKQLVDKAYKERRESIKQRLRSGSASPMELLSYFKQPVAATRTAVRAADYLHVALDLLERKLRSLWRRPFNVTDVLTPAQLNVLSKSSGCAYQDVGVTCPEQDKYRTITGMCNNRRSPTLGASNRAFVRWLPAEYEDGFSLPYGWTPGVKRNGFPVALARAVSNEIVRFPTDQLTPDQERSLMFMQWGQLLDHDLDFTPEPAARASFVTGVNCETSCVQQPPCFPLKIPPNDPRIKNQADCIPFFRSCPACPGSNITIRNQINALTSFVDASMVYGSEEPLARNLRNMSNQLGLLAVNQRFQDNGRALLPFDNLHDDPCLLTNRSARIPCFLAGDTRSSEMPELTSMHTLLLREHNRLATELKSLNPRWDGERLYQEARKIVGAMVQIITYRDYLPLVLGPTAMRKYLPTYRSYNDSVDPRIANVFTNAFRYGHTLIQPFMFRLDNRYQPMEPNPRVPLSRVFFASWRVVLEGGIDPILRGLMATPAKLNRQNQIAVDEIRERLFEQVMRIGLDLPALNMQRSRDHGLPGYNAWRRFCGLPQPETVGQLGTVLRNLKLARKLMEQYGTPNNIDIWMGGVSEPLKRKGRVGPLLACIIGTQFRKLRDGDRFWWENEGVFSMQQRQALAQISLPRIICDNTGITTVSKNNIFMSNSYPRDFVNCSTLPALNLASWREAS
ind_pos46,MHLLPALAGVLATLVLAQPCEGTDPASPGAVETSVLRDCIAEAKLLVDAAYNWTQKSIKQRLRSGSASPMDLLSYFKQPVAATRTVVRAADYMHVALGLLEEKLQPQRSGPFNVTDVLTEPQLRLLSQASGCALRDQAERCSDKYRTITGRCNNKRRPLLGASNQALARWLPAEYEDGLSLPFGWTPSRRRNGFLLPLVRAVSNQIVRFPNERLTSDRGRALMFMQWGQFIDHDLDFSPESPARVAFTAGVDCERTCAQLPPCFPIKIPPNDPRIKNQRDCIPFFRSAPSCPQNKNRVRNQINALTSFVDASMVYGSEVSLSLRLRNRTNYLGLLAINQRFQDNGRALLPFDNLHDDPCLLTNRSARIPCFLAGDTRSTETPKLAAMHTLFMREHNRLATELRRLNPRWNGDKLYNEARKIMGAMVQIITYRDFLPLVLGKARARRTLGHYRGYCSNVDPRVANVFTLAFRFGHTMLQPFMFRLDSQYRASAPNSHVPLSSAFFASWRIVYEGGIDPILRGLMATPAKLNRQDAMLVDELRDRLFRQVRRIGLDLAALNMQRSRDHGLPGYNAWRRFCGLSQPRNLAQLSRVLKNQDLARKFLNLYGTPDNIDIWIGAIAEPLLPGARVGPLLACLFENQFRRARDGDRFWWQKRGVFTKRQRKALSRISLSRIICDNTGITTVSRDIFRANIYPRGFVNCSRIPRLNLSAWRGT
ind_pos47,MIFIPIIILIYLVSIAASDKSPKIKKNPRNVVAVADFPFGGDTQVKGNVVFSAKEGKHVNVHIDMTGLPKDEGPFFYHIHERSVPGNGNCEAVGLHFNPYNASPVCDEQKNDAYCQVGDLSGKHGCINTTCFELKYSDPYLSLNRKSKSYIIGKSVVFHYPNLTKIACADIEEANELRLQSLIDEYTQTDDAIQLKELNTPLETDYKFDEVEALSSEIYHSDTDSDPPQQELISTEKLYNKTDNVYSPEETRPSDQNKKSHRHSLLPLAKWKKNSPKNYSNISIHGISSDCLNDGMMVTGSVFGSLVLGIAAGIFV
ind_pos48,MIMATITLKGNSIHTAGELPAVGSQLPAFTLVKSDLSEVSPADFAGKKLVLNIFPSLDTAVCAASVRRFNKEAGERGDAVVLCISADLPFAQGRFCTTEGLDNVVPLSVYRSPEFGLDYGLTITDGPLKGLLSRAVIVTDASGKVLYAEQVPEIVQEPDYDKALAALA
ind_pos49,MIWKQPPRRMGEMGGSLSRRFGNAAASWAVWRVSRSCFSLLFFFYFFLFFSSSSLLPTTNNYQHLQLHSLIPTLNTTAHLPHQQASSASMKASLFLACSALGLALATPTQDAPETVNNPLGIVYQAKLPETSRTGIRGTINATAHSSGRGVVFNLDLWGFDNTEGPFRKLHTCFDQTNKQTNKIVKLTTTTAYHIHVDPVPTDGSCGPTKDHLDPFGRGQTPPCDDSLPQTCEPGDLSGKFGRLTTSSMEEHFNQTFHDLYTSTRPGLGTFFGNRSIVIHHRNSTRLTCANFTLVEQPGTSTTYVPRPTGTGIISSIFPTGTGAISTSGHAPTISATYTPTPTPSPPAQNNGAGRLVGFSLGAIMAALVPLAL
ind_pos50,MKKQQRLVMRTVILLLLLAALGYTIYANFFTEKTAVAVGSTAPDFVLSDLEGREHRLTDYRGKGVFLNFWGTWCKPCEREMPYMNELYPIYQKQGVEILAVNVGEPKLNVEKFAERFGLTFPIVIDRQDQVLNAYGVGPLPTTFLIDKNGKVKKIITGTMTKEDIKQHLESIKP
ind_pos51,MKLLLALAGLLAPLAMLQTSNGATPALLGEVENSVVLSCMEEAKQLVDRAYKERRESIKRSLQSGSASPTELLFYFKQPVAGTRTAVRAADYLHVALDLLKRKLQPLWPRPFNVTDVLTPAQLNLLSVSSGCAYQDVRVTCPPNDKYRTITGHCNNRRSPTLGASNRAFVRWLPAEYEDGVSMPFGWTPGVNRNGFKVPLARQVSNAIVRFPNDQLTKDQERALMFMQWGQFLDHDITLTPEPATRFSFFTGLNCETSCLQQPPCFPLKIPPNDPRIKNQKDCIPFFRSCPACTRNNITIRNQINALTSFVDASGVYGSEDPLARKLRNLTNQLGLLAINTRFQDNGRALMPFDSLHDDPCLLTNRSARIPCFLAGDMRSSEMPELTSMHTLFVREHNRLATQLKRLNPRWNGEKLYQEARKIVGAMVQIITYRDYLPLVLGPAAMKKYLPQYRSYNDSVDPRIANVFTNAFRYGHTLIQPFMFRLNNQYRPTGPNPRVPLSKVFFASWRVVLEGGIDPILRGLMATPAKLNRQNQIVVDEIRERLFEQVMRIGLDLPALNMQRSRDHGLPGYNAWRRFCGLPQPSTVGELGTVLKNLELARKLMAQYGTPNNIDIWMGGVSEPLEPNGRVGQLLACLIGTQFRKLRDGDRFWWENPGVFSKQQRQALASISLPRIICDNTGITTVSKNNIFMSNTYPRDFVSCNTLPKLNLTSWKET
ind_pos52,MKTGDTVADFELPDQTGTPRRLSVLLSDGPVVLFFYPAAMTPGCTKEACHFRDLAKEFAEVRASRVGISTDPVRKQAKFAEVRRFDYPLLSDAQGTVAAQFGVKRGLLGKLMPVKRTTFVIDTDRKVLDVISSEFSMDAHADKALATLRAIRSG
ind_pos53,MKYLSIISIVALALAGDSPISTDSKGKAPLVARFKKTSKSDIEGTIKFEPANNGTVLVSVDLTGLPSGVGPYPYHVHEKPVPESKNCTATGMHFNPFNGSTTAKTPAALELGDLSGRHGNITSESFEVEYDDSYISLNKDSKAYIGGLSIVVHSNNNTRLNCANITTLDEGDDTASAATWSNSSSSSSSSSKNSTNGSSGSSTSASQGSGAGRAEISGFLAAGIAGVVAALI
ind_pos54,MLARALLLCAVLALSHTANPCCSHPCQNRGVCMSVGFDQYKCDCTRTGFYGENCSTPEFLTRIKLFLKPTPNTVHYILTHFKGFWNVVNNIPFLRNAIMSYVLTSRSHLIDSPPTYNADYGYKSWEAFSNLSYYTRALPPVPDDCPTPLGVKGKKQLPDSNEIVEKLLLRRKFIPDPQGSNMMFAFFAQHFTHQFFKTDHKRGPAFTNGLGHGVDLNHIYGETLARQRKLRLFKDGKMKYQIIDGEMYPPTVKDTQAEMIYPPQVPEHLRFAVGQEVFGLVPGLMMYATIWLREHNRVCDVLKQEHPEWGDEQLFQTSRLILIGETIKIVIEDYVQHLSGYHFKLKFDPELLFNKQFQYQNRIAAEFNTLYHWHPLLPDTFQIHDQKYNYQQFIYNNSILLEHGITQFVESFTRQIAGRVAGGRNVPPAVQKVSQASIDQSRQMKYQSFNEYRKRFMLKPYESFEELTGEKEMSAELEALYGDIDAVELYPALLVEKPRPDAIFGETMVEVGAPFSLKGLMGNVICSPAYWKPSTFGGEVGFQIINTASIQSLICNNVKGCPFTSFSVPDPELIKTVTINASSSRSGLDDINPTVLLKERSTEL
ind_pos55,MLFRAVLLCAALGLSQAANPCCSNPCQNRGECMSTGFDQYKCDCTRTGFYGENCTTPEFLTRIKLLLKPTPNTVHYILTHFKGVWNIVNNIPFLRSLIMKYVLTSRSYLIDSPPTYNVHYGYKSWEAFSNLSYYTRALPPVADDCPTPMGVKGNKELPDSKEVLEKVLLRREFIPDPQGSNMMFAFFAQHFTHQFFKTDHKRGPGFTRGLGHGVDLNHIYGETLDRQHKLRLFKDGKLKYQVIGGEVYPPTVKDTQVEMIYPPHIPENLQFAVGQEVFGLVPGLMMYATIWLREHNRVCDILKQEHPEWGDEQLFQTSRLILIGETIKIVIEDYVQHLSGYHFKLKFDPELLFNQQFQYQNRIASEFNTLYHWHPLLPDTFNIEDQEYSFKQFLYNNSILLEHGLTQFVESFTRQIAGRVAGGRNVPIAVQAVAKASIDQSREMKYQSLNEYRKRFSLKPYTSFEELTGEKEMAAELKALYSDIDVMELYPALLVEKPRPDAIFGETMVELGAPFSLKGLMGNPICSPQYWKPSTFGGEVGFKIINTASIQSLICNNVKGCPFTSFNVQDPQPTKTATINASASHSRLDDINPTVLIKRRSTEL
ind_pos56,MLNVGATAPDFTLRDQNQQLVTLRGYRGAKNVLLVFFPLAFTGICQGELDQLRDHLPEFENDDSAALAISVGPPPTHKIWATQSGFTFPLLSDFWPHGAVSQAYGVFNEQAGIANRGTFVVDRSGIIRFAEMKQPGEVRDQRLWTDALAALTA
ind_pos57,MLQLGLRVLGCKASSVLRASTCLAGRAGRKEAGWECGGARSFSSSAVTMAPIKVGDAIPSVEVFEGEPGKKVNLAELFKGKKGVLFGVPGAFTPGCSKTHLPGFVEQAGALKAKGAQVVACLSVNDVFVIEEWGRAHQAEGKVRLLADPTGAFGKATDLLLDDSLVSLFGNRRLKRFSMVIDNGIVKALNVEPDGTGLTCSLAPNILSQL
ind_pos58,MLQPNMPAPNFSGQAVVGKEFETISLSDYKGKWVILAFYPLDFTFVCPTEIIAISDQMEQFAQRNCAVIFCSTDSVYSHLQWTKMDRKVGGIGQLNFPLLADKNMSVSRAFGVLDEEQGNTYRGNFLIDPKGVLRQITVNDDPVGRSVEEALRLLDAFIFHEEHGEVCPANWKPKSKTIVPTPDGSKAYFSSAN
ind_pos59,MLRARPEALMLLGALLTGSLGPSGNQDALSLPWEVQRYDGWFNNLRHHERGAVGCRLQRRVPANYADGVYQALEEPQLPNPRRLSNAATRGIAGLPSLHNRTVLGVFFGYHVLSDVVSVETPGCPAEFLNIRIPPGDPVFDPDQRGDVVLPFQRSRWDPETGRSPSNPRDLANQVTGWLDGSAIYGSSHSWSDALRSFSGGQLASGPDPAFPRDSQNPLLMWAAPDPATGQNGPRGLYAFGAERGNREPFLQALGLLWFRYHNLWAQRLARQHPDWEDEELFQHARKRVIATYQNIAVYEWLPSFLQKTLPEYTGYRPFLDPSISPEFVVASEQFFSTMVPPGVYMRNASCHFRKVLNKGFQSSQALRVCNNYWIRENPNLNSTQEVNELLLGMASQISELEDNIVVEDLRDYWPGPGKFSRTDYVASSIQRGRDMGLPSYSQALLAFGLDIPRNWSDLNPNVDPQVLEATAALYNQDLSQLELLLGGLLESHGDPGPLFSAIVLDQFVRLRDGDRYWFENTRNGLFSKKEIEDIRNTTLRDVLVAVINIDPSALQPNVFVWHKGAPCPQPKQLTTDGLPQCAPLTVLDFFEGSSPGFAITIIALCCLPLVSLLLSGVVAYFRGREHKKLQKKLKESVKKEAAKDGVPAMEWPGPKERSSPIIIQLLSDRCLQVLNRHLTVLRVVQLQPLQQVNLILSNNRGCRTLLLKIPKEYDLVLLFSSEEERGAFVQQLWDFCVRWALGLHVAEMSEKELFRKAVTKQQRERILEIFFRHLFAQVLDINQADAGTLPLDSSQKVREALTCELSRAEFAESLGLKPQDMFVESMFSLADKDGNGYLSFREFLDILVVFMKGSPEDKSRLMFTMYDLDENGFLSKDEFFTMMRSFIEISNNCLSKAQLAEVVESMFRESGFQDKEELTWEDFHFMLRDHDSELRFTQLCVKGGGGGGNGIRDIFKQNISCRVSFITRTPGERSHPQGLGPPAPEAPELGGPGLKKRFGKKAAVPTPRLYTEALQEKMQRGFLAQKLQQYKRFVENYRRHIVCVAIFSAICVGVFADRAYYYGFASPPSDIAQTTLVGIILSRGTAASVSFMFSYILLTMCRNLITFLRETFLNRYVPFDAAVDFHRWIAMAAVVLAILHSAGHAVNVYIFSVSPLSLLACIFPNVFVNDGSKLPQKFYWWFFQTVPGMTGVLLLLVLAIMYVFASHHFRRRSFRGFWLTHHLYILLYALLIIHGSYALIQLPTFHIYFLVPAIIYGGDKLVSLSRKKVEISVVKAELLPSGVTYLQFQRPQGFEYKSGQWVRIACLALGTTEYHPFTLTSAPHEDTLSLHIRAVGPWTTRLREIYSSPKGNGCAGYPKLYLDGPFGEGHQEWHKFEVSVLVGGGIGVTPFASILKDLVFKSSLGSQMLCKKIYFIWVTRTQRQFEWLADIIQEVEENDHQDLVSVHIYVTQLAEKFDLRTTMLYICERHFQKVLNRSLFTGLRSITHFGRPPFEPFFNSLQEVHPQVRKIGVFSCGPPGMTKNVEKACQLVNRQDRAHFMHHYENF
ind_pos60,MLRFQRFASSYAQAQAVRKYPVGGIFHGYEVRRILPVPELRLTAVDLVHSQTGAEHLHIDRDDKNNVFSIAFKTNPPDSTGVPHILEHTTLCGSVKYPVRDPFFKMLNKSLANFMNAMTGPDYTFFPFSTTNPQDFANLRGVYLDSTLNPLLKQEDFDQEGWRLEHKNITDPESNIVFKGVVYNEMKGQISNANYYFWSKFQQSIYPSLNNSGGDPMKITDLRYGDLLDFHHKNYHPSNAKTFTYGNLPLVDTLKQLNEQFSGYGKRARKDKLLMPIDLKKDIDVKLLGQIDTMLPPEKQTKASMTWICGAPQDTYDTFLLKVLGNLLMDGHSSVMYQKLIESGIGLEFSVNSGVEPTTAVNLLTVGIQGVSDIEIFKDTVNNIFQNLLETEHPFDRKRIDAIIEQLELSKKDQKADFGLQLLYSILPGWTNKIDPFESLLFEDVLQRFRGDLETKGDTLFQDLIRKYIVHKPCFTFSIQGSEEFSKSLDDEEQTRLREKITALDEQDKKNIFKRGILLQEKQNEKEDLSCLPTLQIKDIPRAGDKYSIEQKNNTMSRITDTNGITYVRGKRLLNDIIPFELFPYLPLFAESLTNLGTTTESFSEIEDQIKLHTGGISTHVEVTSDPNTTEPRLIFGFDGWSLNSKTDHIFEFWSKILLETDFHKNSDKLKVLIRLLASSNTSSVADAGHAFARGYSAAHYRSSGAINETLNGIEQLQFINRLHSLLDNEETFQREVVDKLTELQKYIVDTNNMNFFITSDSDVQAKTVESQISKFMERLPHGSCLPNGPKTSDYPLIGSKCKHTLIKFPFQVHYTSQALLGVPYTHKDGSALQVMSNMLTFKHLHREVREKGGAYGGGASYSALAGIFSFYSYRDPQPLKSLETFKNSGRYILNDAKWGVTDLDEAKLTIFQQVDAPKSPKGEGVTYFMSGVTDDMKQARREQLLDVSLLDVHRVAEKYLLNKEGVSTVIGPGIEGKTVSPNWEVKEL
ind_pos61,MLSLKKYLTEGLLQFTILLSLIGVRVDVDTYLTSQLPPLREIILGPSSAYTQTQFHNLRNTLDGYGIHPKSIDLDNYFTARRLLSQVRALDRFQVPTTEVNAWLVHRDPEGSVSGSQPNSGLALESSSGLQDVTGPDNGVRESETEQGFGEDLEDLGAVAPPVSGDLTKEDIDLIDILWRQDIDLGAGREVFDYSHRQKEQDVDKELQDGREREDTWSGEGAEALARDLLVDGETGESFPAQFPADVSSIPEAVPSESESPALQNSLLSPLLTGTESPFDLEQQWQDLMSIMEMQAMEVNTSASEILYNAPPGDPLSTNYSLAPNTPINQNVSLHQASLGGCSQDFSLFSPEVESLPVASSSTLLPLVPSNSTSLNSTFGSTNLAGLFFPSQLNGTANDTSGPELPDPLGGLLDEAMLDEISLMDLAIEEGFNPVQASQLEEEFDSDSGLSLDSSHSPSSLSSSEGSSSSSSSSSSSSASSSASSSFSEEGAVGYSSDSETLDLEEAEGAVGYQPEYSKFCRMSYQDPSQLSCLPYLEHVGHNHTYNMAPSALDSADLPPPSTLKKGSKEKQADFLDKQMSRDEHRARAMKIPFTNDKIINLPVEEFNELLSKYQLSEAQLSLIRDIRRRGKNKMAAQNCRKRKLDTILNLERDVEDLQRDKARLLREKVEFLRSLRQMKQKVQSLYQEVFGRLRDEHGRPYSPSQYALQYAGDGSVLLIPRTMADQQARRQERKPKDRRK
ind_pos62,MLSRLFAPKVKVSAHCDLPCGVYDPAQARIEAESVKAIQEKMAANDDLHFQIRATVIKEQRAELAKHHLDVLWSDYFKPPHFESYPELHTLVNEAVKALSAAKASTDPATGQKALDYIAQIDKIFWETKKA
ind_pos63,MLSRLFRMHGLFVASHPWEVIVGTVTLTICMMSMNMFTGNNKICGWNYECPKFEEDVLSSDIIILTITRCIAILYIYFQFQNLRQLGSKYILGIAGLFTIFSSFVFSTVVIHFLDKELTGLNEALPFFLLLIDLSRASTLAKFALSSNSQDEVRENIARGMAILGPTFTLDALVECLVIGVGTMSGVRQLEIMCCFGCMSVLANYFVFMTFFPACVSLVLELSRESREGRPIWQLSHFARVLEEEENKPNPVTQRVKMIMSLGLVLVHAHSRWIADPSPQNSTADTSKVSLGLDENVSKRIEPSVSLWQFYLSKMISMDIEQVITLSLALLLAVKYIFFEQTETESTLSLKNPITSPVVTQKKVPDNCCRREPMLVRNNQKCDSVEEETGINRERKVEVIKPLVAETDTPNRATFVVGNSSLLDTSSVLVTQEPEIELPREPRPNEECLQILGNAEKGAKFLSDAEIIQLVNAKHIPAYKLETLMETHERGVSIRRQLLSKKLSEPSSLQYLPYRDYNYSLVMGACCENVIGYMPIPVGVAGPLCLDEKEFQVPMATTEGCLVASTNRGCRAIGLGGGASSRVLADGMTRGPVVRLPRACDSAEVKAWLETSEGFAVIKEAFDSTSRFARLQKLHTSIAGRNLYIRFQSRSGDAMGMNMISKGTEKALSKLHEYFPEMQILAVSGNYCTDKKPAAINWIEGRGKSVVCEAVIPAKVVREVLKTTTEAMIEVNINKNLVGSAMAGSIGGYNAHAANIVTAIYIACGQDAAQNVGSSNCITLMEASGPTNEDLYISCTMPSIEIGTVGGGTNLLPQQACLQMLGVQGACKDNPGENARQLARIVCGTVMAGELSLMAALAAGHLVKSHMIHNRSKINLQDLQGACTKKTA
ind_pos64,MLVTKLAPDFKAPAVLGNNEVDEHFELSKNLGKNGAILFFWPKDFTFVCPTEIIAFDKRVKDFQEKGFNVIGVSIDSEQVHFAWKNTPVEKGGIGQVTFPMVADITKSISRDYDVLFEEAIALRGAFLIDKNMKVRHAVINDLPLGRNADEMLRMVDALLHFEEHGEVCPAGWRKGDKGMKATHQGVAEYLKENSIKL
ind_pos65,MMDLELPPPGLPSQQDMDLIDILWRQDIDLGVSREVFDFSQRRKEYELEKQKKLEKERQEQLQKEQEKAFFAQLQLDEETGEFLPIQPAQHIQSETSGSANYSQVAHIPKSDALYFDDCMQLLAQTFPFVDDNEVSSATFQSLVPDIPGHIESPVFIATNQAQSPETSVAQVAPVDLDGMQQDIEQVWEELLSIPELQCLNIENDKLVETTMVPSPEAKLTEVDNYHFYSSIPSMEKEVGNCSPHFLNAFEDSFSSILSTEDPNQLTVNSLNSDATVNTDFGDEFYSAFIAEPSISNSMPSPATLSHSLSELLNGPIDVSDLSLCKAFNQNHPESTAEFNDSDSGISLNTSPSVASPEHSVESSSYGDTLLGLSDSEVEELDSAPGSVKQNGPKTPVHSSGDMVQPLSPSQGQSTHVHDAQCENTPEKELPVSPGHRKTPFTKDKHSSRLEAHLTRDELRAKALHIPFPVEKIINLPVVDFNEMMSKEQFNEAQLALIRDIRRRGKNKVAAQNCRKRKLENIVELEQDLDHLKDEKEKLLKEKGENDKSLHLLKKQLSTLYLEVFSMLRDEDGKPYSPSEYSLQQTRDGNVFLVPKSKKPDVKKN
ind_pos66,MMQQLLALVGALATLILTQHAEGTAPASPSPVEISVLRDCIAEAKLLVDTAYNHTQKSIMQRLRSGSASPMDLLAYFKQPVAATRRVVQAADYMHVALGLLEERLQPRGSRPFNATDVLTEPQLRLLSQASGCALQDQAERCSNKYRTITGRCNNKKHPWLGASNQALARWLPAEYEDHRSLPFGWTPGKRRNGFLLPLVRDVSNQIVRFPSKKLTSDRGRALMFMQWGQFIDHDLDFSPESPARVAFSMGVDCEKTCAQLPPCFPIKIPRNDPRIKNQRDCIPFFRSAPACPQNRNKVRNQINALTSFVDASMVYGSEVTLALRLRNRTNFLGLLATNQRFQDNGRALLPFDNLHEDPCLLTNRSARIPCFLAGDTRSSETPKLTALHTLFVREHNRLAAELRRLNPHWSGDKLYNEARKIVGAMVQIITYRDFLPLVLGRARIRRTLGPYRGYCSNVDPRVANVFTLAFRFGHTMLQPFMFRLDSQYRASAPNSHVPLSSVFFASWRIIHEGGIDPILRGLMATPAKLNRQDSMLVDELRDKLFQQVRRIGLDLAALNMQRSRDHGLPGYNAWRRFCGLSQPRNLAQLSRVLKNQDLARKFLRLYKTPDNIDIWVGAIAEPLLPGARVGPLLACLFENQFRRARDGDRFWWQKWGVFTKRQRKALRRISLSRIVCDNTGITTVSRDIFRANIYPQGFVSCSRIPKLNLSAWRGK
ind_pos67,MMQYLVVSLALCATICSAAQTRNMPIQAIAYLIGPVQSDNTQVKGNVTFTQNDCGQNVHVRVQLEGLKEGKHGFHIHEKGDLTNGCISMGAHYNPDKVDHGGPDHEVRHVGDLGNLEANSTGIIDVTYTDQVITLTGKLGIIGRGVVVHELEDDLGLGNHTDSKKTGNAGGRIACGVIGIK
ind_pos68,MMWGAGSPLAWLSAGSGNVNVSSVGPAEGPTGPAAPLPSPKAWDVVLCISGTLVSCENALVVAIIVGTPAFRAPMFLLVGSLAVADLLAGLGLVLHFAAVFCIGSAEMSLVLVGVLAMAFTASIGSLLAITVDRYLSLYNALTYYSETTVTRTYVMLALVWGGALGLGLLPVLAWNCLDGLTTCGVVYPLSKNHLVVLAIAFFMVFGIMLQLYAQICRIVCRHAQQIALQRHLLPASHYVATRKGIATLAVVLGAFAACWLPFTVYCLLGDAHSPPLYTYLTLLPATYNSMINPIIYAFRNQDVQKVLWAVCCCCSSSKIPFRSRSPSDV
ind_pos69,MNFSGKYQVQSQENFEAFMKAVGLPDELIQKGKDIKGTSEIVQNGKHFKLTITTGSKVVQNEFTLGEECEMETLTGEKVKTVVQLEGDNKLVTTFKGIKSVTELNGDIITSTMTLGDIVFKRISKRI
ind_pos70,MPGDPTATAKGNEIPDTLMGYIPWTPELDSGEVCGIPTTFKTRDEWKGKKVVIVSIPGAYTPICHQQHIPPLVKRVDELKAKGVDAVYVIASNDPFVMAAWGNFNNAKDKVVFATDIDLAFSKALGATIDLSAKHFGERTARYALIIDDNKIVDFASDEGDTGKLQNASIDTILTKV
ind_pos71,MPGGLLLGDEAPNFEANTTIGRIRFHDFLGDSWGILFSHPRDFTPVCTTELGRAAKLAPEFAKRNVKLIALSIDSVEDHLAWSKDINAYNGETPTEKLPFPIIDDKGRDLAILLGMLDPVEKDDNNMPVTARVVFIFGPDKKLKLSILYPATTGRNFDEILRVVDSLQLTGTKPVATPVDWKKGESVMVVPTLSEEEAKQCFPKGVFTKELPSGKKYLRYTPQP
ind_pos72,MPGGLLLGDVAPNFEANTTVGRIRFHDFLGDSWGILFSHPRDFTPVCTTELGRAAKLAPEFAKRNVKLIALSIDSVEDHLAWSKDINAYNCEEPTEKLPFPIIDDRNRELAILLGMLDPAEKDEKGMPVTARVVFVFGPDKKLKLSILYPATTGRNFDEILRVVISLQLTAEKRVATPVDWKDGDSVMVLPTIPEEEAKKLFPKGVFTKELPSGKKYLRYTPQP
ind_pos73,MPKHEFSVDMTCEGCAEAVSRVLNKLGGVEFNIDLPNKKVCIDSEHSSDTLLATLNKTGKAVSYLGPK
ind_pos74,MPVKKRVPFVAFRTRVRDETIGGPNPYRWEVRTTEDYFSGKRVVLFSLPGAFTPTCSTQQLPDFERLYDEFGKVGIEAVYCLSVNDAFVMNAWGKALGLEKVRLIPDGSGEFTRKMGMLVAKDNLGFGMRSWRYAAVVNDSVVEQWFEEEGFSDNCESDPYWASSPQNILETLRTFDTARLGRVPIKF
ind_pos75,MQEFYSFSPIDENGNPFPFNSLRNKVVLIVNVASHCAFTPQYKELEYLYEKYKSHGLVIVAFPCGQFGNQEFEKDKEINKFCQDKYGVTFPILHKIRCNGQKQDPVYKFLKNSVSGKSGIKMIKWNFEKFVVDRNGKVVKRFSCMTRPLELCPIIEELLNQPPEEQI
ind_pos76,MQKVTFKEETYQLEGKALKVGDKAPDVKLVNGDLQEVNLLKQGVRFQVVSALPSLTGSVCLLQAKHFNEQTGKLPSVSFSVISMDLPFSQGQICGAEGIKDLRILSDFRYKAFGENYGVLLGKGSLQGLLARSVFVLDDKGVVIYKEIVQNILEEPNYEALLKVLK
ind_pos77,MQPEPKPSGAPRSSQFLPLWSKCPEGAGDAVMYASTECKAEVTPSQDGNRTFSYTLEDHTKQAFGIMNELRLSQQLCDVTLQVKYEDIPAAQFMAHKVVLASSSPVFKAMFTNGLREQGMEVVSIEGIHPKVMERLIEFAYTASISVGEKCVLHVMNGAVMYQIDSVVRACSDFLVQQLDPSNAIGIANFAEQIGCTELHQRAREYIYMHFGEVAKQEEFFNLSHCQLATLISRDDLNVRCESEVFHACIDWVKYDCPQRRFYVQALLRAVRCHALTPRFLQTQLQKCEILQADARCKDYLVQIFQELTLHKPTQAVPCRAPKVGRLIYTAGGYFRQSLSYLEAYNPSNGSWLRLADLQVPRSGLAGCVVGGLLYAVGGRNNSPDGNTDSSALDCYNPMTNQWSPCASLSVPRNRSGGGVIDGHIYAVGGSHGCIHHSSVERYEPDRDEWHLVAPMLTRRIGVGVAVLNRLLYAVGGFDGTNRLNSAECYYPERNEWRMITPMNTIRSGAGVCVLHSCIYAAGGYDGQDQLNSVERYDVETETWTFVASMKHRRSALGIAVHQGRIYVLGGYDGHTFLDSVECYDPDTDTWSEVTRLTSGRSGVGVAVTMEPCRKQIDQQNCTC
ind_pos78,MRALAVLSVTLVMACTEAFFPFISRGKELLWGKPEESRVSSVLEESKRLVDTAMYATMQRNLKKRGILSPAQLLSFSKLPEPTSGVIARAAEIMETSIQAMKRKVNLKTQQSQHPTDALSEDLLSIIANMSGCLPYMLPPKCPNTCLANKYRPITGACNNRDHPRWGASNTALARWLPPVYEDGFSQPRGWNPGFLYNGFPLPPVREVTRHVIQVSNEVVTDDDRYSDLLMAWGQYIDHDIAFTPQSTSKAAFGGGADCQMTCENQNPCFPIQLPEEARPAAGTACLPFYRSSAACGTGDQGALFGNLSTANPRQQMNGLTSFLDASTVYGSSPALERQLRNWTSAEGLLRVHARLRDSGRAYLPFVPPRAPAACAPEPGIPGETRGPCFLAGDGRASEVPSLTALHTLWLREHNRLAAALKALNAHWSADAVYQEARKVVGALHQIITLRDYIPRILGPEAFQQYVGPYEGYDSTANPTVSNVFSTAAFRFGHATIHPLVRRLDASFQEHPDLPGLWLHQAFFSPWTLLRGGGLDPLIRGLLARPAKLQVQDQLMNEELTERLFVLSNSSTLDLASINLQRGRDHGLPGYNEWREFCGLPRLETPADLSTAIASRSVADKILDLYKHPDNIDVWLGGLAENFLPRARTGPLFACLIGKQMKALRDGDWFWWENSHVFTDAQRRELEKHSLSRVICDNTGLTRVPMDAFQVGKFPEDFESCDSITGMNLEAWRETFPQDDKCGFPESVENGDFVHCEESGRRVLVYSCRHGYELQGREQLTCTQEGWDFQPPLCKDVNECADGAHPPCHASARCRNTKGGFQCLCADPYELGDDGRTCVDSGRLPRVTWISMSLAALLIGGFAGLTSTVICRWTRTGTKSTLPISETGGGTPELRCGKHQAVGTSPQRAAAQDSEQESAGMEGRDTHRLPRAL
ind_pos79,MRLSPAPLKLSRTPALLALALPLAAALAFSDETLDKVPKSEGYCSRILRAQGTRREGYTEFSLRVEGDPDFYKPGTSYRVTLSAAPPSYFRGFTLIALRENREGDKEEDHAGTFQIIDEEETQFMSNCPVAVTESTPRRRTRIQVFWIAPPAGTGCVILKASIVQKRIIYFQDEGSLTKKLCEQDSTFDGVTDKPILDCCACGTAKYRLTFYGNWSEKTHPKDYPRRANHWSAIIGGSHSKNYVLWEYGGYASEGVKQVAELGSPVKMEEEIRQQSDEVLTVIKAKAQWPAWQPLNVRAAPSAEFSVDRTRHLMSFLTMMGPSPDWNVGLSAEDLCTKECGWVQKVVQDLIPWDAGTDSGVTYESPNKPTIPQEKIRPLTSLDHPQSPFYDPEGGSITQVARVVIERIARKGEQCNIVPDNVDDIVADLAPEEKDEDDTPETCIYSNWSPWSACSSSTCDKGKRMRQRMLKAQLDLSVPCPDTQDFQPCMGPGCSDEDGSTCTMSEWITWSPCSISCGMGMRSRERYVKQFPEDGSVCTLPTEETEKCTVNEECSPSSCLMTEWGEWDECSATCGMGMKKRHRMIKMNPADGSMCKAETSQAEKCMMPECHTIPCLLSPWSEWSDCSVTCGKGMRTRQRMLKSLAELGDCNEDLEQVEKCMLPECPIDCELTEWSQWSECNKSCGKGHVIRTRMIQMEPQFGGAPCPETVQRKKCRIRKCLRNPSIQKLRWREARESRRSEQLKEESEGEQFPGCRMRPWTAWSECTKLCGGGIQERYMTVKKRFKSSQFTSCKDKKEIRACNVHPC
ind_pos80,MRSMRALQNALSRAGSHGQRGGWGHPSRGPLLGGGVRYYFGEAAAQGRGTPHSHQPQHSDHDASNSGMLPRLGDLLFYTIAEGQERIPIHKFTTALKATGLQTSDPRLQDCMSKMQRMVQESSSGGLLDRELFQKCVSSNIVLLTQAFRKKFVIPDFEEFTGHVDRIFEDAKELTGGKVAAYIPHLAKSNPDLWGVSLCTVDGQRHSVGHTKIPFCLQSCVKPLTYAISVSTLGTDYVHKFVGKEPSGLRYNKLSLNEEGIPHNPMVNAGAIVVSSLIKMDCNKAEKFDFVLQYLNKMAGNEFMGFSNATFQSEKETGDRNYAIGYYLKEKKCFPKGVDMMAALDLYFQLCSVEVTCESGSVMAATLANGGICPITGESVLSAEAVRNTLSLMHSCGMYDFSGQFAFHVGLPAKSAVSGAILLVVPNVMGMMCLSPPLDKLGNSHRGISFCQKLVSLFNFHNYDNLRHCARKLDPRREGGEVRNKTVVNLLFAAYSGDVSALRRFALSAVDMEQKDYDSRTALHVAAAEGHIDVVKFLIEACKVNPFVKDRWGNIPLDDAVQFNHLEVVKLLQDYHDSYMLSETQAEVAAETLSKENLESMV
ind_pos81,MRTLGAMAIMLVVMGTVIFLSFILRSRDILCGKTMKSHVISAVETSQLMVDHAVYNTMKRNLKKREVLSPAQLLSFFKLPESTSGAISRAAEIMETSIQVMKREQSQFSTDALSADILGTIANLSGCLPFMLPPRCPDTCLANKYRPITGACNNRDHPRWGASNTALARWLPPVYEDGFSQPKGWNPNFLYHGFPLPPVREVTRHLIQVSNEAVTEDDQYSDFLPVWGQYIDHDIALTPQSTSTAAFWGGVDCQLTCENQNPCFPIQLPSNSSGTTACLPFYRSSAACGTGDQGALFGNLSAANPRQQMNGLTSFLDASTVYGSSPGVEKQLRNWSSSAGLLRVNTLHLDAGRAYLPFATAACAPEPGTPRTNRTPCFLAGDGRASEVPALAAVHTLWLREHNRLASAFKAINKHWSANTAYQEARKVVGALHQIITMRDYIPKILGPDAFRQYVGPYEGYNPTVNPTVSNIFSTAAFRFGHATVHPLVRRLNTDFQEHTELPRLQLRDVFFRPWRLIQEGGLDPIVRGLLARAAKLQVQGQLMNEELTERLFVLSNVGTLDLASLNLQRGRDHGLPDYNEWREFCGLSRLETPAELNKAIANRSMVNKIMDLYKHADNIDVWLGGLAEKFLPGARTGPLFACIIGKQMKALRDGDRFWWENTNVFTDAQRQELEKHSLPRVICDNTGLTRVPVDAFRIGKFPQDFESCEDIPSMDLELWRETFPQDDKCVFPEEVDNGNFVHCEESGKLVLVYSCFHGYKLQGQEQVTCTQKGWDSEPPVCKDVNECADLTHPPCHPSAQCKNTKGSFQCVCTDPYVLGEDEKTCIDSGRLPRASWVSIALGALLIGGLASLTWIVICRWTHADKKATLPITERVTTQSGCRKSQGRGISPHKAAAQDTGQEPASGSRVLLCE
ind_pos82,MRVLLHLPALLASLILLQAAASTTRAQTTRTSAISDTVSQAKVQVNKAFLDSRTRLKTAMSSETPTSRQLSEYLKHAKGRTRTAIRNGQVWEESLKRLRQKASLTNVTDPSLDLTSLSLEVGCGAPAPVVRCDPCSPYRTITGDCNNRRKPALGAANRALARWLPAEYEDGLSLPFGWTPGKTRNGFPLPLAREVSNKIVGYLNEEGVLDQNRSLLFMQWGQIVDHDLDFAPDTELGSSEYSKAQCDEYCIQGDNCFPIMFPPNDPKAGTQGKCMPFFRAGFVCPTPPYKSLAREQINALTSFLDASFVYSSEPSLASRLRNLSSPLGLMAVNQEVSDHGLPYLPYDSKKPSPCEFINTTARVPCFLAGDSRASEHILLATSHTLFLREHNRLARELKRLNPQWDGEKLYQEARKILGAFVQIITFRDYLPILLGDHMQKWIPPYQGYSESVDPRISNVFTFAFRFGHLEVPSSMFRLDENYQPWGPEPELPLHTLFFNTWRMVKDGGIDPLVRGLLAKKSKLMKQNKMMTGELRNKLFQPTHRIHGFDLAAINTQRCRDHGQPGYNSWRAFCDLSQPQTLEELNTVLKSKMLAKKLLGLYGTPDNIDIWIGAIAEPLVERGRVGPLLACLLGKQFQQIRDGDRFWWENPGVFTNEQKDSLQKMSFSRLVCDNTRITKVPRDPFWANSYPYDFVDCSAIDKLDLSPWASVKN
ind_pos83,MSALNWKPFVYGGLASITAECGTFPIDLTKTRLQIQGQTNDANFREIRYRGMLHALMRIGREEGLKALYSGIAPAMLRQASYGTIKIGTYQSLKRLAVERPEDETLLVNVVCGILSGVISSAIANPTDVLKIRMQAQNSAVQGGMIDSFMSIYQQEGTRGLWKGVSLTAQRAAIVVGVELPVYDITKKHLILSGLMGDTVATHFLSSFTCGLVGALASNPVDVVRTRMMNQRALRDGRCAGYKGTLDCLLQTWKNEGFFALYKGFWPNWLRLGPWNIIFFLTYEQLKKLDL
ind_pos84,MSCGDAKLNHPAPHFNEVALMPNGTFKKVDLASYRGKWVVLFFYPLDFTFVCPTEICQFSDRVKEFNDVDCEVIACSMDSEFSHLAWTNVERKKGGLGTMNIPILADKTKSIMKAYGVLKEEDGVAYRGLFIIDPQQNLRQITINDLPVGRNVDETLRLVKAFQFVEKHGEVCPANWKPGSKTMKADPNGSQDYFSSMN
ind_pos85,MSDSRDPASDQMKQWKEQRASQRPDVLTTGGGNPIGDKLNIMTAGSRGPLLVQDVVFTDEMAHFDRERIPERVVHAKGAGAFGYFEVTHDITRYSKAKVFEHIGKRTPIAVRFSTVTGESGSADTVRDPRGFAVKFYTEDGNWDLVGNNTPIFFIRDAILFPSFIHSQKRNPQTHLKDPDMVWDFWSLRPESLHQVSFLFSDRGIPDGHRHMNGYGSHTFKLVNADGEAVYCKFHYKTDQGIKNLPVGEAGRLAQEDPDYGLRDLFNAIANGNYPSWTFYIQVMTFKEAETFPFNPFDLTKVWPHKDYPLIPVGKLVLNKNPVNYFAEVEQMAFDPSNMPPGIEPSPDKMLQGRLFAYPDTHRHRLGPNYLQIPVNCPYRARVANYQRDGPMCMHDNQGGAPNYYPNSFSAPEQQRSALEHSVQCAVDVKRFNSANEDNVTQVRTFYTKVLNEEERKRLCENIAGHLKDAQLFIQKKAVKNFTDVHPDYGARIQALLDKYNAEKPKNAIHTYTQAGSHMAAKGKANL
ind_pos86,MSGLKAGDSFPSDVVFSYIPWSEDKGEITACGIPINYNASKEWADKKVILFALPGAFTPVCSARHVPEYIEKLPEIRAKGVDVVAVLAYNDAYVMSAWGKANQVTGDDILFLSDPDARFSKSIGWADEEGRTKRYALVIDHGKITYAALEPAKNHLEFSSAETVLKHL
ind_pos87,MSIEVGQKAPIFTLPTDEGEMLSLDDLKGKKVILYFYPKDDTPGCTKEACGFRDVWSQLSKAGVVVLGISKDSVKAHQSFKQKYNLPFTLLSDKDNTVCEQYGVMVDKNRFGKKYKGIERTTFLIDEEGVISAVWPKVKVDGHVAEVVGRL
ind_pos88,MSIRPLTLNGLDEPETSFEELNTTLPRFQSHETLTLEENVPPLSTSTYIPPPSSVGTSDTGTVFSNSTSAFWSNKQADDDQDMEVDQDDEFLNDFQEFQNKKDDFDDAIKTNFHLRNGCRTGPFKNDIFAEEFDRKLSLEDKPRLKQPRSMMELKPKRKLSNSVTSRNLRSGNSVRFKKSMPNLALVNPAIREEEEDEEREREDQREFNYKIDNDTQDTILAKFSSDDEGDFLTGFEELEGEAIDETISSNDKESADHPRFLKKSSSSLPLKISPAQYDIVKHDELLTPGLHRRQRDWNTQQELDSFKEKRSVRHCSNQNVQLNGPAKIKTIKQQIDHNTPMKKGSMIYNPKTMKWEGNENVLSKFSDVDTANRKALLIKNKLQRDADSKKQKYSDLQHARATSRNQKVIGNMILDEQNLRWVSVSEEEADPFAGIPEINLPPVGKSMKKRSSSPFLRSKSQVNTPFVSNDNDGVYQSTAAQARLRKYHSMRTLNGTTETPEISSTFHLSSRALEKFYHEENRWCKKLASWFIPRDETIISVDEETIMDESTVNSKRKSYMYEIRNMVINSTKD
ind_pos89,MSLINTQVQPFKVNAFHNGKFIEVTEESLKGKWSVLIFMPAAFTFNCPTEIEDAANNYGEFQKAGAEVYIVTTDTHFSHKVWHETSPAVGKAQFPLIGDPTHQLTNAFGVHIPEEGLALRGTFVINPEGVIKTVEIHSNEIARDVGETVRKLKAAQYTAAHPGEVCPAKWKEGEKTLAPSLDLVGKI
ind_pos90,MSRIQQVNKSILIRSFCTGAPSKSNFSPVGNFLRIGDVVPDFSQDSSVGQINLYKTLGDSWGLFVSHPKDFTPICTTELGRLAKLKPEFEKRNCKILALSVDSVKDHLEWMKDIEETQKVKINYPIIADQDRKVADLYGMIHPNADNTFTVRSVFFISPDKRLRAQITLPASTGRNFNEIIRILDSFQLTDKYKVATPADWVDGDDCIIVPTVFDEDAKKLFPKGFPKIKSYLRVTPQPNK
ind_pos91,MSRRSLSLWFPLLLLLLLPPTPSVLLADPGVPSPVNPCCYYPCQNQGVCVRFGLDNYQCDCTRTGYSGPNCTIPEIWTWLRNSLRPSPSFTHFLLTHGYWLWEFVNATFIREVLMRLVLTVRSNLIPSPPTYNSAHDYISWESFSNVSYYTRILPSVPKDCPTPMGTKGKKQLPDVQLLAQQLLLRREFIPAPQGTNILFAFFAQHFTHQFFKTSGKMGPGFTKALGHGVDLGHIYGDNLERQYHLRLFKDGKLKYQVLDGEVYPPSVEQASVLMRYPPGVPPERQMAVGQEVFGLLPGLMLFSTIWLREHNRVCDLLKEEHPTWDDEQLFQTTRLILIGETIKIVIEEYVQHLSGYFLQLKFDPELLFRAQFQYRNRIAMEFNHLYHWHPLMPNSFQVGSQEYSYEQFLFNTSMLVDYGVEALVDAFSRQRAGRIGGGRNFDYHVLHVAVDVIKESREMRLQPFNEYRKRFGLKPYTSFQELTGEKEMAAELEELYGDIDALEFYPGLLLEKCQPNSIFGESMIEMGAPFSLKGLLGNPICSPEYWKPSTFGGDVGFNLVNTASLKKLVCLNTKTCPYVSFRVPDYPGDDGSVLVRRSTEL
ind_pos92,MSRSLLLWFLLFLLLLPPLPVLLADPGAPTPVNPCCYYPCQHQGICVRFGLDRYQCDCTRTGYSGPNCTIPGLWTWLRNSLRPSPSFTHFLLTHGRWFWEFVNATFIREMLMRLVLTVRSNLIPSPPTYNSAHDYISWESFSNVSYYTRILPSVPKDCPTPMGTKGKKQLPDAQLLARRFLLRRKFIPDPQGTNLMFAFFAQHFTHQFFKTSGKMGPGFTKALGHGVDLGHIYGDNLERQYQLRLFKDGKLKYQVLDGEMYPPSVEEAPVLMHYPRGIPPQSQMAVGQEVFGLLPGLMLYATLWLREHNRVCDLLKAEHPTWGDEQLFQTTRLILIGETIKIVIEEYVQQLSGYFLQLKFDPELLFGVQFQYRNRIAMEFNHLYHWHPLMPDSFKVGSQEYSYEQFLFNTSMLVDYGVEALVDAFSRQIAGRIGGGRNMDHHILHVAVDVIRESREMRLQPFNEYRKRFGMKPYTSFQELVGEKEMAAELEELYGDIDALEFYPGLLLEKCHPNSIFGESMIEIGAPFSLKGLLGNPICSPEYWKPSTFGGEVGFNIVKTATLKKLVCLNTKTCPYVSFRVPDASQDDGPAVERPSTEL
ind_pos93,MSSGNAKIGHPAPNFKATAVMPDGQFKDISLSDYKGKYVVFFFYPLDFTFVCPTEIIAFSDRAEEFKKLNCQVIGASVDSHFCHLAWVNTPKKQGGLGPMNIPLVSDPKRTIAQDYGVLKADEGISFRGLFIIDDKGILRQITVNDLPVGRSVDETLRLVQAFQFTDKHGEVCPAGWKPGSDTIKPDVQKSKEYFSKQK
ind_pos94,MSSGNAKIGYPAPNFKATAVMPDGQFKDISLSEYKGKYVVFFFYPLDFTFVCPTEIIAFSDRADEFKKLNCQVIGASVDSHFCHLAWINTPKKQGGLGPMNIPLISDPKRTIAQDYGVLKADEGISFRGLFIIDDKGILRQITINDLPVGRSVDEIIRLVQAFQFTDKHGEVCPAGWKPGSDTIKPDVNKSKEYFSKQK
ind_pos95,MSSMEGKKVPQVTFRTRQGDKWVDVTTSELFDNKTVIVFSLPGAFTPTCSSSHLPRYNELAPVFKKYGVDDILVVSVNDTFVMNAWKEDEKSENISFIPDGNGEFTEGMGMLVGKEDLGFGKRSWRYSMLVKNGVVEKMFIEPNEPGDPFKVSDADTMLKYLAPQHQVQESISIFTKPGCPFCAKAKQLLHDKGLSFEEIILGHDATIVSVRAVSGRTTVPQVFIGGKHIGGSDDLEKYFA
ind_pos96,MSSSGLNSEKVAALIQKLNSDPQFVLAQNVGTTHDLLDICLKRATVQRAQHVFQHAVPQEGKPITNQKSSGRCWIFSCLNVMRLPFMKKLNIEEFEFSQSYLFFWDKVERCYFFLSAFVDTAQRKEPEDGRLVQFLLMNPANDGGQWDMLVNIVEKYGVIPKKCFPESYTTEATRRMNDILNHKMREFCIRLRNLVHSGATKGEISATQDVMMEEIFRVVCICLGNPPETFTWEYRDKDKNYQKIGPITPLEFYREHVKPLFNMEDKICLVNDPRPQHKYNKLYTVEYLSNMVGGRKTLYNNQPIDFLKKMVAASIKDGEAVWFGCDVGKHFNSKLGLSDMNLYDHELVFGVSLKNMNKAERLTFGESLMTHAMTFTAVSEKDDQDGAFTKWRVENSWGEDHGHKGYLCMTDEWFSEYVYEVVVDRKHVPEEVLAVLEQEPIILPAWDPMGALAE
ind_pos97,MSTAQKAKILQLIDSCCQNAKSTQLKSLSFVIGAVNGTTKEAKRTYIQEQCEFLEKLRQQKIREGRINILSMDAGVSNFAFSKMQLLNNDPLPKVLDWQKINLEEKFFQNLKKLSLNPAETSELVFNLTEYLFESMPIPDMFTIERQRTRTMSSRHILDPILKVNILEQILFSNLENKMKYTNKIPNTSKLRYMVCSSDPHRMTSYWCIPREETPTSSKKLKSNKHSKDSRIKLVKKILSTSILEGNSTSSTKLVEFIGVWNNRIRNALTKKKSFKLCDILEIQDNSGVRKDDDLADSFLHCLSWMEWLKNYESITELLNSKTLVKTQFGQVFEFCENKVQKLKFLQNTYNND
ind_pos98,MSTAREQPIFSTRAHVFQIDPATKRNWIPAGKHALTVSYFYDATRNVYRIISIGGAKAIINSTVTPNMTFTKTSQKFGQWADSRANTVYGLGFASEQHLTQFAEKFQEVKEAARLAREKSQDGGELTSPALGLASHQVPPSPLVSANGPGEEKLFRSQSADAPGPTERERLKKMLSEGSVGEVQWEAEFFALQDSNNKLAGALREANAAAAQWRQQLEAQRAEAERLRQRVAELEAQAASEVTPTGEKEGLGQGQSLEQLEALVQTKDQEIQTLKSQTGGPREALEAAEREETQQKVQDLETRNAELEHQLRAMERSLEEARAERERARAEVGRAAQLLDVSLFELSELREGLARLAEAAP
ind_pos99,MSVPSSLSQSAINANSHGGPALSLPLPLHAAHNQLLNAKLQATAVGPKDLRSAMGEGGGPEPGPANAKWLKEGQNQLRRAATAHRDQNRNVTLTLAEEASQEPEMAPLGPKGLIHLYSELELSAHNAANRGLRGPGLIISTQEQGPDEGEEKAAGEAEEEEEDDDDEEEEEDLSSPPGLPEPLESVEAPPRPQALTDGPREHSKSASLLFGMRNSAASDEDSSWATLSQGSPSYGSPEDTDSFWNPNAFETDSDLPAGWMRVQDTSGTYYWHIPTGTTQWEPPGRASPSQGSSPQEESQLTWTGFAHGEGFEDGEFWKDEPSDEAPMELGLKEPEEGTLTFPAQSLSPEPLPQEEEKLPPRNTNPGIKCFAVRSLGWVEMTEEELAPGRSSVAVNNCIRQLSYHKNNLHDPMSGGWGEGKDLLLQLEDETLKLVEPQSQALLHAQPIISIRVWGVGRDSGRERDFAYVARDKLTQMLKCHVFRCEAPAKNIATSLHEICSKIMAERRNARCLVNGLSLDHSKLVDVPFQVEFPAPKNELVQKFQVYYLGNVPVAKPVGVDVINGALESVLSSSSREQWTPSHVSVAPATLTILHQQTEAVLGECRVRFLSFLAVGRDVHTFAFIMAAGPASFCCHMFWCEPNAASLSEAVQAACMLRYQKCLDARSQASTSCLPAPPAESVARRVGWTVRRGVQSLWGSLKPKRLGAHTP
ind_pos100,MTDAVLELPAATFDLPLSLSGGTQTTLRAHAGHWLVIYFYPKDSTPGCTTEGLDFNALLPEFDKAGAKILGVSRDSVKSHDNFCAKQGFAFPLVSDGDEALCRAFDVIKEKNMYGKQVLGIERSTFLLSPEGQVVQAWRKVKVAGHADAVLAALKAHAKQ
ind_pos101,MTDKFPEDVKFLYIAYTPAKADITACGIPIPLDFDKEFRDKTVVIVAIPGAFTPTCTANHIPPFVEKFTALKSAGVDAVIVLSANDPFVQSAFGKALGVTDEAFIFASDPGAEFSKSAGLSLDLPPAFGTRTARYAIIVSNGVVKYVEKDSEGVAGSGVDAVLAAL
ind_pos102,MTELPAPLSYFQNAQMSEDNHLSNTVRSQNDNRERQEHNDRRSLGHPEPLSNGRPQGNSRQVVEQDEEEDEELTLKYGAKHVIMLFVPVTLCMVVVVATIKSVSFYTRKDGQLIYTPFTEDTETVGQRALHSILNAAIMISVIVVMTILLVVLYKYRCYKVIHAWLIISSLLLLFFFSFIYLGEVFKTYNVAVDYITVALLIWNFGVVGMISIHWKGPLRLQQAYLIMISALMALVFIKYLPEWTAWLILAVISVYDLVAVLCPKGPLRMLVETAQERNETLFPALIYSSTMVWLVNMAEGDPEAQRRVSKNSKYNAESTERESQDTVAENDDGGFSEEWEAQRDSHLGPHRSTPESRAAVQELSSSILAGEDPEERGVKLGLGDFIFYSVLVGKASATASGDWNTTIACFVAILIGLCLTLLLLAIFKKALPALPISITFGLVFYFATDYLVQPFMDQLAFHQFYI
ind_pos103,MTIEIGQKAPDLELKGDHGETVKLSDYKGKYIVLYFYPKDMTPGCTTEACDFRDSHESFAELDAVIIGVSPDSQEKHGKFKEKHNLPFLLLVDDEHKLAEAFDVWKLKKNFGKEYMGIERSTFLIDKEGRLIKEWRKVKVKDHVAEALQTLKDMSEK
ind_pos104,MTIHKKGQAHWEGDIKRGKGTVSTESGVLNQQPYGFNTRFEGEKGTNPEELIGAAHAACFSMALSLMLGEAGFTPTSIDTTADVSLDKVDAGFAITKIALKSEVAVPGIDASTFDGIIQKAKAGCPVSQVLKAEITLDYQLKS
ind_pos105,MTKGILLGDKFPDFRAETNEGFIPSFYDWIGKDSWAILFSHPRDFTPVCTTELARLVQLAPEFKKRNVKLIGLSCDSAESHRKWVDDIMAVCKMKCNDGDTCCSGNKLPFPIIADENRFLATELGMMDPDERDENGNALTARCVFIIGPEKTLKLSILYPATTGRNFDEILRVVDSLQLTAVKLVATPVDWKGGDDCVVLPTIDDTEAKKLFGEKINTIELPSGKHYLRMVAHPK
ind_pos106,MTKTTRLTPGDKAPAFTLPDADGNNVSLADYRGRRVIVYFYPAASTPGCTKQACDFRDNLGDFTTAGLNVVGISPDKPEKLATFRDAQGLTFPLLSDPDREVLTAWGAYGEKQMYGKTVQGVIRSTFVVDEDGKIVVAQYNVKATGHVAKLRRDLSV
ind_pos107,MTPERVPSVVFKTRVRDESVPGPNPYRWEDKTTEQIFGGKKVVLFSLPGAFTPTCSSNHLPRYEQLFEEFQALGVDDIICLSVNDAFVMFQWGKQIGADKVKLLPDGNGEFTRKMGMLVEKSNLGFGMRSWRYSMFVNDGKIEKMFIEPEFGDNCPVDPFECSDADTMLAYLKGAEAPGVSEPVKAFVG
ind_pos108,MTTLKPGDIAPKFILPNCIDKSIKLSDFLGKKVLVYFYPKAMTPGCTVQACNIRDNLELFKSKKVEVLGISPDNTNKLLTFVEKKMLNFTLLSDKQNIVSKKFGVWGEKIFMGKKYFGIYRTSFLINSSGFIDKIFFKFKCKDHHKIILTYLNSKKSD
ind_pos109,MTTQLRVVHLLPLLLACFVQTSPKQEKMKMDCHKDEKGTIYDYEAIALNKNEYVSFKQYVGKHILFVNVATYCGLTAQYPELNALQEELKPYGLVVLGFPCNQFGKQEPGDNKEILPGLKYVRPGGGFVPSFQLFEKGDVNGEKEQKVFSFLKHSCPHPSEILGTFKSISWDPVKVHDIRWNFEKFLVGPDGIPVMRWSHRATVSSVKTDILAYLKQFKTK
ind_pos110,MVAATVAAAWLLLWAAACAQQEQDFYDFKAVNIRGKLVSLEKYRGSVSLVVNVASECGFTDQHYRALQQLQRDLGPHHFNVLAFPCNQFGQQEPDSNKEIESFARRTYSVSFPMFSKIAVTGTGAHPAFKYLAQTSGKEPTWNFWKYLVAPDGKVVGAWDPTVSVEEVRPQITALVRKLILLKREDL
ind_pos111,MVAAVATAWLLLWAAACAQSEQDFYDFKAVNIRGKLVSLEKYRGSVSLVVNVASECGFTDQNYRALQQLQRDLGPHHFNVLAFPCNQFGQQEPDTNREIENFARRTYSVSFPMFSKIAVTGTGAHPAFKYLTQTSGKEPTWNFWKYLVDPDGKVVGAWDPTVPVAEIKPRITEQVMKLILRKREDL
ind_pos112,MVAQVQKQAPTFKKTAVVDGVFDEVSLDKYKGKYVVLAFIPLAFTFVCPTEIIAFSEAAKKFEEQGAQVLFASTDSEYSLLAWTNIPRKEGGLGPINIPLLADTNHSLSRDYGVLIEEEGVALRGLFIIDPKGVIRHITINDLPVGRNVDEALRLVEAFQWTDKNGTVLPCNWTPGAATIKPTVEDSKEYFEAANK
ind_pos113,MVAVGSTLPKVTLWENKPEEVVEFPSQGKFIIVGVPGAFTPPCSSQVPGYIANEKQFAAKGISGIYVVAVNDVFVTKAWKKSFDGGEQSGVHFVADWNGEFTKAFDAGFDASGLLGPLRSKRYAAVVENGKVVKVFIENEVTDVDISSADKVLSSL
ind_pos114,MVKIAFNTPTAVQKEEARQDVEALLSRTVRTQILTGKELRVATQEKEGSSGRCMLTLLGLSFILAGLIVGGACIYKYFMPKSTIYRGEMCFFDSEDPANSLRGGEPNFLPVTEEADIREDDNIAIIDVPVPSFSDSDPAAIIHDFEKGMTAYLDLLLGNCYLMPLNTSIVMPPKNLVELFGKLASGRYLPQTYVVREDLVAVEEIRDVSNLGIFIYQLCNNRKSFRLRRRDLLLGFNKRAIDKCWKIRHFPNEFIVETKICQE
ind_pos115,MVKLYSKFPDVQVLTTKGPIDFYKDIFGKGKWLFLFAHPADFTPVCTTEFVAFSQKYEEFKKLGVELVGLSVDSIYSHIQWLMDIEQRYGVKVPFPVIADPDKKLARMLDALDEASGQTIRIVVLASPDGIIRFVAQYPMEFGRNIDELLRITKAAIVNYKAKVVLPANWQPGQDVIVPPPAIFDEAEMRIKLPNAKAWYLLFKKYEELPPDQKV
ind_pos116,MVTELRVFYLVPLLLASYVQTTPRPEKMKMDCYKDVKGTIYDYEALSLNGKEHIPFKQYAGKHVLFVNVATYCGLTIQYPELNALQEDLKPFGLVILGFPCNQFGKQEPGDNLEILPGLKYVRPGKGFLPNFQLFAKGDVNGENEQKIFTFLKRSCPHPSETVVMSKHTFWEPIKVHDIRWNFEKFLVGPDGIPVMRWFHQAPVSTVKSDIMAYLSHFKTI
ind_pos117,MVVKAVCVINGDAKGTVFFEQESSGTPVKVSGEVCGLAKGLHGFHVHEFGDNTNGCMSSGPHFNPYGKEHGAPVDENRHLGDLGNIEATGDCPTKVNITDSKITLFGADSIIGRTVVVHADADDLGQGGHELSKSTGNAGARIGCGVIGIAKV
ind_pos118,MYHTLLYDFRDSVPHMSGLKKFFPYSTNVLKGAAADIALPSLAGKTVFFYFSASWCPPCRAFTPQLIDFYKAHAEKKNFEVMLISWDESAEDFKDYYAKMPWLALPFEDRKGMEFLTTGFDVKSIPTLVGVEADSGNIITTQARTMVVKDPEAKDFPWPNVEAKK
ind_pos119,SAFNPHEKQLIGDLWHKVDVAHCGGEALSRMLIVYPWKRRYFENFGDISNAQAIIHNEKVQAHGKKVLASFGEAVKHLDSIRAHFANLSKLHCEKFHVDPENFKLLGDIIIIVLAAHYPKDFGLECHAAYQKLVRQVAAALAAEYH
ind_pos120,VLSSDDKCNVKAVWCKVAGHLEEYGAEALERMFCAYPQTKIYFPHFDLSHGSAQIRAHGKKVFAALHEAVNHIDDLPGALCRLSELHAHSLRVDPVNFKFLAQCVLVVVAIHHPGSLTPEVHASLDKFLCAVSSVLTSKYR
